class_index,brand_id,model_id,brand_name,model_name,normalized_brand,normalized_model,image_count,years,minimum_year,maximum_year,unknown_year_images,suspicious_years,valid_labels,missing_labels,malformed_labels,invalid_bounding_boxes,viewpoint_unknown,viewpoint_1,viewpoint_2,viewpoint_3,viewpoint_4,viewpoint_5
0,139,1639,Acura,Acura ILX,Acura,ILX,120,2013;2015,2013,2015,0,,120,0,0,0,0,9,8,15,48,40
1,139,1640,Acura,Acura MDX,Acura,MDX,120,2008;2010;2011;2013;2014,2008,2014,0,,120,0,0,0,0,19,13,28,36,24
2,139,1646,Acura,Acura NSX,Acura,NSX,96,2012;2015;2016,2012,2016,0,,96,0,0,0,2,12,12,20,29,21
3,139,1641,Acura,Acura RDX,Acura,RDX,120,2013;2015,2013,2015,0,,120,0,0,0,0,11,10,22,54,23
4,139,1642,Acura,Acura RL,Acura,RL,120,2006;2008;2009;2010,2006,2010,0,,120,0,0,0,0,16,9,15,63,17
5,139,1643,Acura,Acura RLX,Acura,RLX,117,2013;2014;2015,2013,2015,0,,117,0,0,0,0,16,9,15,52,25
6,139,1644,Acura,Acura TL,Acura,TL,120,2009;2010;2012;2014,2009,2014,0,,120,0,0,0,0,15,7,20,49,29
7,139,1648,Acura,Acura TLX,Acura,TLX,120,2014;2015,2014,2015,0,,120,0,0,0,0,13,10,28,46,23
8,139,1645,Acura,Acura ZDX,Acura,ZDX,120,2009;2012;2013,2009,2013,0,,120,0,0,0,0,13,11,13,54,29
9,153,1749,Alfa Romeo,4C,Alfa Romeo,4C,120,2011;2012;2014;2015;2016,2011,2016,0,,120,0,0,0,7,13,8,23,40,29
10,153,1756,Alfa Romeo,8C,Alfa Romeo,8C,72,2009,2009,2009,0,,72,0,0,0,0,2,4,10,37,19
11,153,1752,Alfa Romeo,Disco Volante,Alfa Romeo,Disco Volante,51,2012;2013,2012,2013,0,,51,0,0,0,7,10,7,3,12,12
12,153,1748,Alfa Romeo,Giulietta,Alfa Romeo,Giulietta,120,2011;2013;2014;2015,2011,2015,0,,120,0,0,0,0,12,3,9,75,21
13,153,1746,Alfa Romeo,MiTo,Alfa Romeo,MiTo,120,2009;2010;2014;2015,2009,2015,0,,120,0,0,0,0,5,4,18,68,25
14,154,1059,Aston Martin,Cygnet,Aston Martin,Cygnet,102,2009;2011;2012;2013,2009,2013,0,,102,0,0,0,0,13,7,18,41,23
15,154,1051,Aston Martin,DB9,Aston Martin,DB9,120,2007;2011;2013;2014,2007,2014,0,,120,0,0,0,1,10,3,20,62,24
16,154,1063,Aston Martin,DBS,Aston Martin,DBS,108,2007;2009;2010;2011;2012,2007,2012,0,,108,0,0,0,2,14,10,6,44,32
17,154,1060,Aston Martin,Lagonda,Aston Martin,Lagonda,52,2009;2013;2015;2016,2009,2016,0,,52,0,0,0,0,4,1,16,17,14
18,154,1058,Aston Martin,ONE-77,Aston Martin,ONE-77,90,2010;2013,2010,2013,24,,90,0,0,0,1,11,6,14,33,25
19,154,1052,Aston Martin,Rapide,Aston Martin,Rapide,120,2010;2013;2014;2015,2010,2015,0,,120,0,0,0,0,17,6,10,60,27
20,154,1053,Aston Martin,V12 Vantage,Aston Martin,V12 Vantage,120,2009;2012;2014;2015,2009,2015,0,,120,0,0,0,2,11,4,23,51,29
21,154,1054,Aston Martin,V8 Vantage,Aston Martin,V8 Vantage,115,2011;2012;2013;2014;2015,2011,2015,0,,115,0,0,0,1,11,6,13,52,32
22,154,1055,Aston Martin,Vanquish,Aston Martin,Vanquish,120,2013;2014;2015,2013,2015,0,,120,0,0,0,0,7,5,16,54,38
23,154,1056,Aston Martin,Virage,Aston Martin,Virage,118,2012;2014,2012,2014,0,,118,0,0,0,1,9,10,7,54,37
24,78,19,Audi,Audi A1,Audi,A1,120,2012;2013;2014;2015,2012,2015,0,,120,0,0,0,0,14,15,24,41,26
25,78,1,Audi,Audi A3 hatchback,Audi,A3 hatchback,140,2010;2012;2013;2014,2010,2014,0,,140,0,0,0,0,18,21,28,39,34
26,78,11,Audi,Audi A3 sedan,Audi,A3 sedan,68,2014,2014,2014,0,,68,0,0,0,0,9,8,14,19,18
27,78,2,Audi,Audi A4L,Audi,A4L,166,2009;2010;2011;2012;2013;2015,2009,2015,0,,166,0,0,0,0,29,26,34,42,35
28,78,22,Audi,Audi A5 convertible,Audi,A5 convertible,154,2010;2012;2013;2014,2010,2014,0,,154,0,0,0,1,17,16,27,49,44
29,78,23,Audi,Audi A5 coupe,Audi,A5 coupe,197,2008;2009;2010;2012;2013;2014,2008,2014,0,,197,0,0,0,1,29,27,34,57,49
30,78,24,Audi,Audi A5 hatchback,Audi,A5 hatchback,229,2009;2010;2011;2012;2013;2014,2009,2014,0,,229,0,0,0,1,27,25,43,71,62
31,78,9,Audi,Audi A6,Audi,A6,120,2004;2012;2013;2014;2015,2004,2015,0,,120,0,0,0,1,15,7,16,52,29
32,78,3,Audi,Audi A6L,Audi,A6L,135,2009;2010;2011;2012;2014,2009,2014,0,,135,0,0,0,0,21,19,22,42,31
33,78,26,Audi,Audi A7,Audi,A7,119,2009;2012;2013;2014;2015,2009,2015,0,,119,0,0,0,3,13,14,22,40,27
34,78,27,Audi,Audi A8L,Audi,A8L,179,2009;2010;2011;2012;2013;2014;2015,2009,2015,0,,179,0,0,0,0,21,18,38,47,55
35,78,61,Audi,Crosslane Coupe,Audi,Crosslane Coupe,54,2012,2012,2012,0,,54,0,0,0,3,2,2,13,19,15
36,78,50,Audi,Audi e-tron,Audi,e-tron,120,2009;2010;2011,2009,2011,0,,120,0,0,0,3,13,13,22,31,38
37,78,4,Audi,Audi Q3,Audi,Q3,120,2012;2013;2015,2012,2015,0,,120,0,0,0,0,16,18,20,37,29
38,78,5,Audi,Audi Q5,Audi,Q5,153,2010;2011;2012;2013,2010,2013,0,,153,0,0,0,0,22,17,29,48,37
39,78,32,Audi,Audi Q7,Audi,Q7,145,2010;2011;2012;2013;2014,2010,2014,0,,145,0,0,0,0,25,20,29,39,32
40,78,47,Audi,Audi quattro,Audi,quattro,109,2010;2013;2014,2010,2014,0,,109,0,0,0,2,20,12,16,34,25
41,78,53,Audi,Audi R18,Audi,R18,51,2012;2014,2012,2014,0,,51,0,0,0,4,9,1,7,22,8
42,78,33,Audi,Audi R8,Audi,R8,120,2010;2011;2013;2014;2015;2016,2010,2016,0,,120,0,0,0,0,17,13,13,41,36
43,78,15,Audi,Audi RS Q3,Audi,RS Q3,120,2012;2014;2015,2012,2015,0,,120,0,0,0,0,8,5,15,46,46
44,78,16,Audi,Audi RS3,Audi,RS3,76,2012;2015;2016,2012,2016,0,,76,0,0,0,0,9,4,5,30,28
45,78,14,Audi,Audi RS4,Audi,RS4,118,2006;2013;2014,2006,2014,0,,118,0,0,0,1,10,9,15,51,32
46,78,12,Audi,Audi RS5,Audi,RS5,120,2012;2013;2014;2015,2012,2015,0,,120,0,0,0,1,19,10,20,40,30
47,78,18,Audi,Audi RS6,Audi,RS6,120,2002;2009;2013;2015,2002,2015,0,,120,0,0,0,0,13,7,10,56,34
48,78,13,Audi,Audi RS7,Audi,RS7,120,2014;2015,2014,2015,0,,120,0,0,0,3,14,7,23,36,37
49,78,57,Audi,Audi S1,Audi,S1,105,2013;2014;2015,2013,2015,0,,105,0,0,0,0,12,7,10,34,42
50,78,62,Audi,Audi S3 sedan,Audi,S3 sedan,51,2015,2015,2015,0,,51,0,0,0,0,4,3,12,19,13
51,78,63,Audi,Audi S4,Audi,S4,99,2008;2013,2008,2013,0,,99,0,0,0,0,6,6,13,42,32
52,78,34,Audi,Audi S5 convertible,Audi,S5 convertible,65,2010;2012,2010,2012,0,,65,0,0,0,0,8,8,12,16,21
53,78,35,Audi,Audi S5 coupe,Audi,S5 coupe,60,2008;2010;2012;2014,2008,2014,0,,60,0,0,0,1,2,2,13,29,13
54,78,38,Audi,Audi S7,Audi,S7,120,2013;2015,2013,2015,0,,120,0,0,0,0,12,9,20,38,41
55,78,39,Audi,Audi S8,Audi,S8,120,2008;2009;2013;2014;2015,2008,2015,0,,120,0,0,0,0,10,8,17,49,36
56,78,40,Audi,Audi SQ5,Audi,SQ5,120,2013;2014,2013,2014,0,,120,0,0,0,0,14,11,17,43,35
57,78,44,Audi,Audi TT coupe,Audi,TT coupe,85,2011;2013;2014;2015,2011,2015,0,,85,0,0,0,1,9,10,14,31,20
58,78,17,Audi,Audi TT RS,Audi,TT RS,120,2009;2010;2012;2013,2009,2013,0,,120,0,0,0,1,18,8,15,45,33
59,78,42,Audi,Audi TTS coupe,Audi,TTS coupe,66,2011;2013;2015,2011,2015,0,,66,0,0,0,0,9,3,10,27,17
60,83,373,Bentley,Arnage,Bentley,Arnage,52,2006;2009,2006,2009,0,,52,0,0,0,3,2,3,20,17,7
61,83,372,Bentley,Brooklands,Bentley,Brooklands,59,2008,2008,2008,0,,59,0,0,0,1,2,2,12,31,11
62,83,368,Bentley,Flying Spur,Bentley,Flying Spur,120,2010;2012;2013;2014,2010,2014,0,,120,0,0,0,0,18,10,21,41,30
63,83,374,Bentley,Mulsanne,Bentley,Mulsanne,120,2011;2012;2013;2014;2015,2011,2015,0,,120,0,0,0,0,18,11,17,47,27
64,83,369,Bentley,Super Sport,Bentley,Super Sport,120,2010;2012;2013;2014;2015,2010,2015,0,,120,0,0,0,1,20,11,25,38,25
65,81,83,BWM,BWM 1 Series couple,BMW,1 Series couple,67,2011;2013,2011,2013,0,,67,0,0,0,0,9,9,7,24,18
66,81,118,BWM,BWM 1 Series hatchback,BMW,1 Series hatchback,67,2010;2012;2013,2010,2013,0,,67,0,0,0,0,9,10,17,14,17
67,81,71,BWM,BWM 1 Series M,BMW,1 Series M,119,2011,2011,2011,0,,119,0,0,0,7,15,10,19,43,25
68,81,84,BWM,BWM 2 Series,BMW,2 Series,119,2014;2015,2014,2015,0,,119,0,0,0,0,13,9,19,54,24
69,81,122,BWM,BWM 2 Series Active Tourer,BMW,2 Series Active Tourer,120,2014;2015,2014,2015,0,,120,0,0,0,0,11,8,26,45,30
70,81,68,BWM,BWM 3 Series,BMW,3 Series,283,2008;2009;2010;2011;2012;2013;2014,2008,2014,0,,283,0,0,0,0,47,38,46,81,71
71,81,86,BWM,BWM 3 Series convertible,BMW,3 Series convertible,120,2008;2010;2011;2012,2008,2012,0,,120,0,0,0,0,17,15,22,35,31
72,81,89,BWM,BWM 3 Series coupe,BMW,3 Series coupe,99,2007;2009;2011,2007,2011,0,,99,0,0,0,0,18,12,26,24,19
73,81,88,BWM,BWM 3 Series estate,BMW,3 Series estate,123,2013;2014,2013,2014,0,,123,0,0,0,0,14,13,21,44,31
74,81,85,BWM,BWM 3 Series GT,BMW,3 Series GT,120,2013;2014,2013,2014,0,,120,0,0,0,0,11,15,21,40,33
75,81,91,BWM,BWM 4 Series convertible,BMW,4 Series convertible,94,2014,2014,2014,0,,94,0,0,0,0,11,13,14,29,27
76,81,92,BWM,BWM 4 Series couple,BMW,4 Series couple,60,2013;2014,2013,2014,0,,60,0,0,0,0,11,9,6,20,14
77,81,70,BWM,BWM 5 Series,BMW,5 Series,233,2009;2010;2011;2012;2013;2014,2009,2014,0,,233,0,0,0,0,42,33,39,65,54
78,81,96,BWM,BWM 5 Series estate,BMW,5 Series estate,125,2012;2013;2014,2012,2014,0,,125,0,0,0,0,15,14,27,41,28
79,81,94,BWM,BWM 5 Series GT,BMW,5 Series GT,120,2010;2011;2013;2014;2015,2010,2015,0,,120,0,0,0,0,21,15,18,33,33
80,81,100,BWM,BWM 6 Series,BMW,6 Series,61,2012;2013;2014,2012,2014,0,,61,0,0,0,0,9,8,11,18,15
81,81,98,BWM,BWM 6 Series convertible,BMW,6 Series convertible,71,2008;2011,2008,2011,0,,71,0,0,0,0,9,12,20,13,17
82,81,99,BWM,BWM 6 Series couple,BMW,6 Series couple,94,2008;2010;2012;2013,2008,2013,0,,94,0,0,0,0,14,11,19,31,19
83,81,101,BWM,BWM 7 Series,BMW,7 Series,119,2009;2010;2011;2013;2014;2015,2009,2015,0,,119,0,0,0,0,20,16,23,34,26
84,81,114,BWM,Active Tourer,BMW,Active Tourer,120,2012;2013;2015,2012,2015,0,,120,0,0,0,1,14,8,25,45,27
85,81,112,BWM,ConnectedDrive,BMW,ConnectedDrive,52,2011,2011,2011,0,,52,0,0,0,13,7,5,8,13,6
86,81,113,BWM,EfficientDynamics,BMW,EfficientDynamics,64,2009,2009,2009,0,,64,0,0,0,3,11,7,7,29,7
87,81,109,BWM,BWM i3,BMW,i3,120,2012;2013;2014,2012,2014,0,,120,0,0,0,1,14,14,24,42,25
88,81,110,BWM,BWM i8,BMW,i8,120,2011;2012;2013;2014;2015,2011,2015,0,,120,0,0,0,3,20,4,33,32,28
89,81,72,BWM,BWM M3 coupe,BMW,M3 coupe,65,2008;2010;2011;2013,2008,2013,0,,65,0,0,0,0,10,6,14,20,15
90,81,74,BWM,BWM M4 coupe,BMW,M4 coupe,62,2014,2014,2014,0,,62,0,0,0,0,8,5,7,30,12
91,81,75,BWM,BWM M5,BMW,M5,120,2005;2011;2012;2013;2014,2005,2014,0,,120,0,0,0,0,13,12,15,55,25
92,81,69,BWM,BWM X1,BMW,X1,149,2010;2012;2013;2014,2010,2014,0,,149,0,0,0,19,26,18,26,33,27
93,81,103,BWM,BWM X3,BMW,X3,143,2009;2010;2011;2012;2013;2014,2009,2014,0,,143,0,0,0,0,22,18,30,44,29
94,81,104,BWM,BWM X4,BMW,X4,119,2013;2014;2015,2013,2015,0,,119,0,0,0,0,14,11,19,47,28
95,81,105,BWM,BWM X5,BMW,X5,150,2008;2009;2011;2012;2013;2014,2008,2014,0,,150,0,0,0,0,24,22,27,44,33
96,81,78,BWM,BWM X5 M,BMW,X5 M,120,2010;2013;2014;2016,2010,2016,0,,120,0,0,0,0,16,14,23,40,27
97,81,106,BWM,BWM X6,BMW,X6,120,2010;2011;2012;2013;2014;2015,2010,2015,0,,120,0,0,0,0,14,17,22,41,26
98,81,79,BWM,BWM X6 M,BMW,X6 M,120,2010;2013;2014;2015;2016,2010,2016,0,,120,0,0,0,4,11,13,18,54,20
99,81,108,BWM,BWM Z4,BMW,Z4,139,2009;2011;2012;2013;2014,2009,2014,0,,139,0,0,0,0,17,14,36,42,30
100,81,119,BWM,Zagato Coupe,BMW,Zagato Coupe,54,2012,2012,2012,0,,54,0,0,0,5,10,3,13,12,11
101,84,1966,Brabus,Brabus CLS Class,Brabus,CLS Class,66,2012;2013,2012,2013,0,,66,0,0,0,0,5,5,14,22,20
102,84,1975,Brabus,Brabus E Class,Brabus,E Class,75,2010;2011;2013;2014,2010,2014,0,,75,0,0,0,0,11,5,11,26,22
103,84,1970,Brabus,Brabus G Class,Brabus,G Class,119,2012;2013;2014,2012,2014,0,,119,0,0,0,1,17,9,15,49,28
104,84,1964,Brabus,Brabus M Class,Brabus,M Class,91,2010;2012;2013,2010,2013,0,,91,0,0,0,0,11,10,20,28,22
105,84,1962,Brabus,Brabus S Class,Brabus,S Class,118,2011;2012;2013;2014;2015,2011,2015,0,,118,0,0,0,0,15,11,16,43,33
106,84,1971,Brabus,Brabus SLK Class,Brabus,SLK Class,75,2012,2012,2012,0,,75,0,0,0,0,9,9,15,24,18
107,84,1965,Brabus,Brabus smart fortwo,Brabus,smart fortwo,51,2005;2012;2013;2014;2015,2005,2015,0,,51,0,0,0,0,6,4,4,28,9
108,85,375,Bugatti,Veyron,Bugatti,Veyron,120,2008;2011;2012;2013;2014;2015,2008,2015,0,,120,0,0,0,2,18,6,33,40,21
109,54,202,Buck,Enclave,Buick,Enclave,119,2009;2010;2013;2014,2009,2014,0,,119,0,0,0,0,18,16,22,37,26
110,54,187,Buck,encore,Buick,encore,120,2013;2014;2015,2013,2015,0,,120,0,0,0,1,21,16,24,30,28
111,54,201,Buck,Envision,Buick,Envision,120,2014;2015,2014,2015,0,,120,0,0,0,1,21,16,16,40,26
112,54,196,Buck,EXCELLE  GT,Buick,EXCELLE  GT,303,2010;2011;2012;2013;2015,2010,2015,0,,303,0,0,0,0,44,41,68,82,68
113,54,197,Buck,EXCELLE  XT,Buick,EXCELLE  XT,120,2010;2012;2013;2014,2010,2014,0,,120,0,0,0,0,19,16,27,28,30
114,54,194,Buck,Exclle,Buick,Exclle,120,2011;2013,2011,2013,0,,120,0,0,0,0,23,17,23,30,27
115,54,189,Buck,Buick GL8 Business,Buick,GL8 Business,120,2008;2011;2012;2013;2014,2008,2014,0,,120,0,0,0,9,16,14,23,31,27
116,54,188,Buck,Buick GL8 Luxury Business,Buick,GL8 Luxury Business,76,2011;2013;2014,2011,2014,0,,76,0,0,0,0,11,9,18,18,20
117,54,192,Buck,Lacrosse,Buick,Lacrosse,182,2008;2009;2010;2011;2012;2013;2014,2008,2014,0,,182,0,0,0,0,27,24,37,55,39
118,54,195,Buck,Park Avenue,Buick,Park Avenue,118,2007;2009;2010;2011,2007,2011,0,,118,0,0,0,0,20,12,20,36,30
119,54,190,Buck,Regal,Buick,Regal,152,2009;2010;2011;2012;2013;2014,2009,2014,0,,152,0,0,0,0,25,22,31,35,39
120,54,191,Buck,Regal GS,Buick,Regal GS,105,2011;2012;2013;2014,2011,2014,0,,105,0,0,0,0,13,13,20,31,28
121,54,200,Buck,Buick Riviera,Buick,Riviera,83,1965;2013,1965,2013,0,,83,0,0,0,3,7,13,17,20,23
122,105,306,BYD,BYD e6,BYD,e6,120,2009;2012;2014,2009,2014,0,,120,0,0,0,0,16,14,21,37,32
123,105,294,BYD,BYD F0,BYD,F0,120,2009;2010;2011;2012;2015,2009,2015,0,,120,0,0,0,0,19,16,19,39,27
124,105,314,BYD,BYD F3,BYD,F3,120,2009;2011;2012;2013;2014;2015,2009,2015,0,,120,0,0,0,0,16,13,22,40,29
125,105,296,BYD,BYD F3R,BYD,F3R,118,2007;2008;2009;2011,2007,2011,0,,118,0,0,0,0,22,18,17,37,24
126,105,297,BYD,BYD F6,BYD,F6,120,2008;2009;2010;2011,2008,2011,0,,120,0,0,0,0,19,12,16,40,33
127,105,298,BYD,BYD G3,BYD,G3,115,2010;2011;2012;2013,2010,2013,0,,115,0,0,0,0,19,16,17,40,23
128,105,299,BYD,BYD G3R,BYD,G3R,106,2011,2011,2011,0,,106,0,0,0,0,15,8,15,45,23
129,105,300,BYD,BYD G5,BYD,G5,119,2014,2014,2014,0,,119,0,0,0,0,19,14,21,37,28
130,105,301,BYD,BYD G6,BYD,G6,118,2011;2012;2013,2011,2013,0,,118,0,0,0,1,15,15,19,40,28
131,105,302,BYD,BYD L3,BYD,L3,120,2010;2011;2012;2013;2015,2010,2015,0,,120,0,0,0,0,18,15,21,37,29
132,105,303,BYD,BYD M6,BYD,M6,120,2010;2011;2013;2015,2010,2015,0,,120,0,0,0,0,19,11,21,38,31
133,105,307,BYD,Qin,BYD,Qin,120,2012;2014,2012,2014,0,,120,0,0,0,0,18,12,22,41,27
134,105,304,BYD,BYD S6,BYD,S6,120,2011;2012;2013;2014,2011,2014,0,,120,0,0,0,1,19,17,22,33,28
135,105,305,BYD,BYD S7,BYD,S7,120,2013;2015,2013,2015,0,,120,0,0,0,0,16,12,16,45,31
136,105,308,BYD,Si Rui,BYD,Si Rui,116,2013,2013,2013,0,,116,0,0,0,0,19,13,24,31,29
137,105,309,BYD,Su Rui,BYD,Su Rui,116,2012;2013;2014;2015,2012,2015,0,,116,0,0,0,0,21,19,20,34,22
138,53,767,Cadillac,Cadillac ATS,Cadillac,ATS,120,2013;2014;2015;2016,2013,2016,0,,120,0,0,0,0,13,9,23,46,29
139,53,766,Cadillac,Cadillac ATS-L,Cadillac,ATS-L,120,2014,2014,2014,0,,120,0,0,0,0,20,14,17,39,30
140,53,765,Cadillac,Cadillac CTS,Cadillac,CTS,129,2009;2010;2011;2012;2013;2014,2009,2014,0,,129,0,0,0,0,21,15,21,38,34
141,53,776,Cadillac,Cadillac ELR,Cadillac,ELR,120,2014,2014,2014,0,,120,0,0,0,0,10,7,27,55,21
142,53,771,Cadillac,Escalade,Cadillac,Escalade,120,2010;2013;2014;2015,2010,2015,0,,120,0,0,0,0,14,5,18,64,19
143,53,763,Cadillac,Seville SLS,Cadillac,Seville SLS,120,2009;2010;2011;2012,2009,2012,0,,120,0,0,0,0,19,14,16,38,33
144,53,770,Cadillac,Cadillac SRX,Cadillac,SRX,120,2010;2011;2012;2013;2014;2015,2010,2015,0,,120,0,0,0,0,23,11,20,35,31
145,53,764,Cadillac,Cadillac XTS,Cadillac,XTS,120,2011;2013;2014;2015,2011,2015,0,,120,0,0,0,0,19,17,22,37,25
146,75,1655,Chrey,Chrey A1,Chery,A1,119,2007;2009;2011,2007,2011,0,,119,0,0,0,0,19,15,21,35,29
147,75,1656,Chrey,Chrey A3 hatchback,Chery,A3 hatchback,88,2008;2009;2010;2011,2008,2011,0,,88,0,0,0,0,19,13,12,26,18
148,75,1657,Chrey,Chrey A3 sedan,Chery,A3 sedan,102,2008;2010;2011;2012,2008,2012,0,,102,0,0,0,0,18,15,15,29,25
149,75,1658,Chrey,Chrey A5,Chery,A5,78,2006;2007;2009;2010,2006,2010,0,,78,0,0,0,0,13,12,10,30,13
150,75,1683,Chrey,Arrizo 7,Chery,Arrizo 7,119,2013;2014,2013,2014,0,,119,0,0,0,0,21,11,17,36,34
151,75,1667,Chrey,Cowin 1,Chery,Cowin 1,131,2010;2011;2012,2010,2012,0,,131,0,0,0,0,18,12,25,49,27
152,75,1668,Chrey,Cowin 2,Chery,Cowin 2,115,2010;2012;2013;2014,2010,2014,0,,115,0,0,0,0,21,11,20,32,31
153,75,1669,Chrey,Cowin 3,Chery,Cowin 3,110,2010,2010,2010,0,,110,0,0,0,0,15,12,16,40,27
154,75,1670,Chrey,Cowin 5,Chery,Cowin 5,118,2012,2012,2012,0,,118,0,0,0,0,16,15,22,37,28
155,75,1659,Chrey,Chrey E3,Chery,E3,114,2013;2015,2013,2015,0,,114,0,0,0,0,21,6,24,36,27
156,75,1660,Chrey,Chrey E5,Chery,E5,117,2011;2012;2014,2011,2014,0,,117,0,0,0,1,22,14,22,35,23
157,75,1651,Chrey,Eastar,Chery,Eastar,118,2004;2005;2006;2007;2012,2004,2012,0,,118,0,0,0,0,16,16,17,42,27
158,75,1652,Chrey,Eastar Cross,Chery,Eastar Cross,87,2006;2007;2008;2009,2006,2009,0,,87,0,0,0,0,16,8,10,35,18
159,75,1653,Chrey,Fulwin 2 hatchback,Chery,Fulwin 2 hatchback,123,2009;2010;2012;2013,2009,2013,0,,123,0,0,0,0,19,16,23,34,31
160,75,1654,Chrey,Fulwin 2 sedan,Chery,Fulwin 2 sedan,68,2009;2010;2012;2013,2009,2013,0,,68,0,0,0,0,17,6,11,20,14
161,75,1661,Chrey,Chrey QQ,Chery,QQ,120,2013,2013,2013,0,,120,0,0,0,3,24,14,18,30,31
162,75,1662,Chrey,Chrey QQ3,Chery,QQ3,118,2009;2010;2011;2012,2009,2012,0,,118,0,0,0,0,19,10,11,54,24
163,75,1664,Chrey,Chrey QQme,Chery,QQme,70,2009;2010,2009,2010,0,,70,0,0,0,0,10,8,14,21,17
164,75,1671,Chrey,Tiggo,Chery,Tiggo,113,2009;2010;2011;2012;2013,2009,2013,0,,113,0,0,0,0,22,9,15,43,24
165,75,1672,Chrey,Tiggo 3,Chery,Tiggo 3,119,2014,2014,2014,0,,118,0,0,1,0,21,15,21,41,20
166,75,1673,Chrey,Tiggo 5,Chery,Tiggo 5,119,2014;2015,2014,2015,0,,119,0,0,0,0,20,11,29,34,25
167,75,1665,Chrey,Chrey X1,Chery,X1,118,2010;2011;2012,2010,2012,0,,118,0,0,0,0,17,14,18,42,27
168,157,1911,Chevy,Aveo,Chevy,Aveo,133,2008;2009;2010,2008,2010,0,,133,0,0,0,0,18,21,18,45,31
169,157,1905,Chevy,AVEO hatchback,Chevy,AVEO hatchback,140,2011;2014,2011,2014,0,,140,0,0,0,0,19,19,28,38,36
170,157,1917,Chevy,Aveo sedan,Chevy,Aveo sedan,237,2011;2013;2014,2011,2014,0,,237,0,0,0,0,30,31,49,66,61
171,157,1946,Chevy,Camaro,Chevy,Camaro,113,2010;2011;2012;2013;2014;2015,2010,2015,0,,113,0,0,0,0,14,11,22,40,26
172,157,1910,Chevy,Captiva,Chevy,Captiva,120,2010;2011;2012;2013;2014,2010,2014,0,,120,0,0,0,0,17,16,29,33,25
173,157,1933,Chevy,Colorado,Chevy,Colorado,98,2011;2012;2014;2015,2011,2015,0,,98,0,0,0,2,6,4,12,47,27
174,157,1928,Chevy,Corvette,Chevy,Corvette,120,2010;2012;2013;2014;2015,2010,2015,0,,120,0,0,0,3,13,11,19,44,30
175,157,1926,Chevy,Cruze abroad version,Chevy,Cruze abroad version,120,2011;2013;2014;2015,2011,2015,0,,120,0,0,0,0,8,9,15,57,31
176,157,1909,Chevy,Cruze hatchback,Chevy,Cruze hatchback,102,2013,2013,2013,0,,102,0,0,0,0,12,13,21,28,28
177,157,1908,Chevy,Cruze sedan,Chevy,Cruze sedan,167,2009;2010;2011;2012;2013;2014;2015,2009,2015,0,,167,0,0,0,0,26,28,33,41,39
178,157,1907,Chevy,Epica,Chevy,Epica,115,2006;2007;2010;2011;2012;2013,2006,2013,0,,115,0,0,0,0,16,15,19,39,26
179,157,1934,Chevy,Equinox,Chevy,Equinox,91,2005;2008;2010;2013;2015;2016,2005,2016,0,,91,0,0,0,0,6,3,13,44,25
180,157,1935,Chevy,Impala,Chevy,Impala,83,2014,2014,2014,0,,83,0,0,0,0,10,6,18,32,17
181,157,1912,Chevy,Lova,Chevy,Lova,119,2009;2010,2009,2010,0,,119,0,0,0,0,20,14,15,41,29
182,157,1913,Chevy,Malibu,Chevy,Malibu,120,2012;2013;2014,2012,2014,0,,120,0,0,0,0,20,18,22,36,24
183,157,1924,Chevy,CHEVY Orlando,Chevy,Orlando,69,2009;2012,2009,2012,0,,69,0,0,0,0,3,3,9,41,13
184,157,1914,Chevy,Sail hatchback,Chevy,Sail hatchback,143,2010;2011;2013;2014,2010,2014,0,,143,0,0,0,1,28,19,29,33,33
185,157,1915,Chevy,Sail sedan,Chevy,Sail sedan,288,2010;2011;2013;2014,2010,2014,0,,288,0,0,0,1,40,34,57,86,70
186,157,1916,Chevy,Sail SPRINGO,Chevy,Sail SPRINGO,113,2010;2012;2013;2015,2010,2015,0,,113,0,0,0,0,18,17,23,28,27
187,157,1929,Chevy,Silverado,Chevy,Silverado,120,2014;2015,2014,2015,0,,120,0,0,0,0,13,8,19,56,24
188,157,1925,Chevy,Sonic,Chevy,Sonic,120,2010;2012;2013;2014,2010,2014,0,,120,0,0,0,0,11,9,19,48,33
189,157,1920,Chevy,Spark,Chevy,Spark,114,2011;2013;2014,2011,2014,0,,114,0,0,0,0,12,8,19,47,28
190,157,1930,Chevy,CHEVY SS,Chevy,SS,89,2014,2014,2014,0,,89,0,0,0,0,6,7,7,42,27
191,157,1941,Chevy,CHEVY Tahoe,Chevy,Tahoe,91,2002;2007;2015,2002,2015,0,,91,0,0,0,0,5,1,13,57,15
192,157,1921,Chevy,CHEVY Traverse,Chevy,Traverse,53,2009;2013,2009,2013,0,,53,0,0,0,0,7,5,5,24,12
193,157,1906,Chevy,Trax,Chevy,Trax,119,2014,2014,2014,0,,119,0,0,0,2,17,11,25,36,28
194,157,1927,Chevy,CHEVY Trax,Chevy,Trax,116,2014;2015,2014,2015,0,,116,0,0,0,0,11,10,24,45,26
195,157,1918,Chevy,Volt,Chevy,Volt,120,2011;2012;2014;2015,2011,2015,0,,120,0,0,0,3,13,4,16,58,26
196,50,1125,Chrysler,Chrysler 200,Chrysler,200,120,2013;2014;2015,2013,2015,0,,120,0,0,0,0,23,10,25,33,29
197,50,1131,Chrysler,Chrysler 300C,Chrysler,300C,119,2006;2012;2013;2014,2006,2014,0,,119,0,0,0,0,17,14,32,32,24
198,50,1129,Chrysler,Chrysler 300C SRT,Chrysler,300C SRT,106,2008;2010;2012,2008,2012,0,,106,0,0,0,0,10,7,8,52,29
199,50,1126,Chrysler,Chrysler Delta,Chrysler,Delta,63,2012,2012,2012,0,,63,0,0,0,0,4,5,11,31,12
200,50,1132,Chrysler,Grand Voager,Chrysler,Grand Voager,90,2007;2012;2013;2014,2007,2014,0,,90,0,0,0,0,13,11,15,30,21
201,50,1123,Chrysler,Prowler,Chrysler,Prowler,63,2002;2011,2002,2011,0,,63,0,0,0,1,9,5,4,27,17
202,158,1264,Citroen,c-Elysee hatchback,Citroen,c-Elysee hatchback,52,2009;2010;2011,2009,2011,0,,52,0,0,0,0,9,7,6,16,14
203,158,1251,Citroen,c-Elysee sedan,Citroen,c-Elysee sedan,147,2008;2010;2011;2012;2013,2008,2013,0,,147,0,0,0,0,22,15,27,47,36
204,158,1270,Citroen,C-Zero,Citroen,C-Zero,81,2011;2012,2011,2012,0,,81,0,0,0,0,6,5,17,40,13
205,158,1285,Citroen,Citroen C1,Citroen,C1,120,2013;2015,2013,2015,0,,120,0,0,0,1,10,4,26,55,24
206,158,1257,Citroen,Citroen C2,Citroen,C2,118,2010;2012;2013,2010,2013,0,,118,0,0,0,0,16,15,23,36,28
207,158,1267,Citroen,Citroen C3,Citroen,C3,120,2004;2008;2010;2014,2004,2014,0,,120,0,0,0,6,9,2,21,46,36
208,158,1269,Citroen,C3 Picasso,Citroen,C3 Picasso,72,2009;2012,2009,2012,5,,72,0,0,0,0,9,6,8,35,14
209,158,1266,Citroen,Citroen C4,Citroen,C4,119,2006;2009;2011;2013;2015,2006,2015,0,,119,0,0,0,0,10,9,19,50,31
210,158,1265,Citroen,C4 Aircross,Citroen,C4 Aircross,119,2012;2013,2012,2013,0,,119,0,0,0,0,20,12,11,44,32
211,158,1258,Citroen,Citroen C4L,Citroen,C4L,120,2013;2014,2013,2014,0,,120,0,0,0,0,19,12,19,43,27
212,158,1259,Citroen,Citroen C5,Citroen,C5,171,2009;2010;2011;2012;2013;2014,2009,2014,0,,171,0,0,0,0,24,18,33,50,46
213,158,1284,Citroen,Cactus,Citroen,Cactus,118,2013;2014,2013,2014,0,,118,0,0,0,6,15,4,26,40,27
214,158,1253,Citroen,Elysee,Citroen,Elysee,120,2013;2014,2013,2014,0,,120,0,0,0,0,14,15,28,34,29
215,158,1287,Citroen,Grand C4 Picasso,Citroen,Grand C4 Picasso,120,2009;2011;2014,2009,2014,0,,120,0,0,0,1,11,10,19,43,36
216,158,1283,Citroen,Citroen GT,Citroen,GT,75,2008,2008,2008,0,,75,0,0,0,5,16,6,16,16,16
217,158,1254,Citroen,Quatre Cross,Citroen,Quatre Cross,62,2013,2013,2013,0,,62,0,0,0,0,7,6,10,22,17
218,158,1255,Citroen,Quatre hatchback,Citroen,Quatre hatchback,118,2008;2010;2011;2012;2013,2008,2013,0,,118,0,0,0,0,19,14,18,43,24
219,158,1256,Citroen,Quatre sedan,Citroen,Quatre sedan,142,2009;2010;2011;2012;2013;2014,2009,2014,0,,142,0,0,0,0,23,18,28,38,35
220,158,1279,Citroen,Survolt,Citroen,Survolt,56,2010;2011,2010,2011,0,,56,0,0,0,3,6,6,8,20,13
221,158,1252,Citroen,Triomphe,Citroen,Triomphe,118,2006;2008;2010,2006,2010,0,,118,0,0,0,0,21,18,21,35,23
222,5,1039,Dacia,Dokker,Dacia,Dokker,62,2013,2013,2013,0,,62,0,0,0,0,9,5,16,21,11
223,5,1040,Dacia,Duster,Dacia,Duster,120,2009;2011;2014,2009,2014,0,,120,0,0,0,3,4,0,21,65,27
224,5,1041,Dacia,Logan,Dacia,Logan,120,2005;2006;2007;2013;2014,2005,2014,0,,120,0,0,0,4,4,3,26,48,35
225,5,1042,Dacia,Sandero,Dacia,Sandero,97,2009;2010;2013,2009,2013,0,,97,0,0,0,2,1,1,12,54,27
226,74,1296,Daihatsu,Xenia,Daihatsu,Xenia,50,2007;2008,2007,2008,0,,50,0,0,0,0,7,4,6,24,9
227,145,521,Dodge,Avenger,Dodge,Avenger,109,2007;2008;2011;2013;2014,2007,2014,0,,109,0,0,0,0,12,8,7,54,28
228,145,532,Dodge,Caliber,Dodge,Caliber,132,2008;2009;2010;2011,2008,2011,0,,132,0,0,0,0,21,16,19,45,31
229,145,519,Dodge,Challenger,Dodge,Challenger,120,2011;2014;2015,2011,2015,0,,120,0,0,0,3,22,10,14,42,29
230,145,530,Dodge,Challenger SRT,Dodge,Challenger SRT,120,2012;2015,2012,2015,0,,120,0,0,0,0,13,6,12,59,30
231,145,523,Dodge,Charger,Dodge,Charger,120,2012;2013;2014;2015,2012,2015,0,,120,0,0,0,1,21,11,11,47,29
232,145,529,Dodge,Charger SRT,Dodge,Charger SRT,120,2012;2013;2014;2015,2012,2015,0,,120,0,0,0,1,12,7,11,59,30
233,145,522,Dodge,Dart,Dodge,Dart,120,2013;2014,2013,2014,0,,120,0,0,0,0,15,10,13,48,34
234,145,520,Dodge,Durango,Dodge,Durango,120,2011;2014,2011,2014,0,,120,0,0,0,0,12,6,13,63,26
235,145,518,Dodge,Journey,Dodge,Journey,120,2009;2010;2011;2013;2014,2009,2014,0,,120,0,0,0,1,20,11,19,38,31
236,145,517,Dodge,Ram,Dodge,Ram,58,2012;2013;2014,2012,2014,0,,58,0,0,0,0,6,2,9,28,13
237,145,526,Dodge,Rampage,Dodge,Rampage,113,2006;2011;2013;2014;2015,2006,2015,0,,113,0,0,0,0,15,8,13,51,26
238,145,524,Dodge,Viper,Dodge,Viper,120,2013;2014;2015,2013,2015,0,,120,0,0,0,5,18,5,10,51,31
239,4,512,DS,DS 3,DS,3,120,2012;2013;2014;2015,2012,2015,0,,119,0,0,1,7,14,11,24,36,27
240,4,516,DS,DS 4,DS,4,120,2012,2012,2012,0,,120,0,0,0,0,13,8,29,37,33
241,4,509,DS,DS 5,DS,5,120,2012;2013;2014,2012,2014,0,,120,0,0,0,0,17,17,25,37,24
242,4,511,DS,DS 5LS,DS,5LS,119,2014,2014,2014,0,,119,0,0,0,0,25,13,20,38,23
243,4,510,DS,DS 6,DS,6,120,2014,2014,2014,0,,120,0,0,0,0,17,14,22,43,24
244,112,663,Ferrari,Ferrari 458,Ferrari,458,120,2010;2011;2013;2014;2015,2010,2015,0,,120,0,0,0,3,14,10,33,36,24
245,112,664,Ferrari,Ferrari 599,Ferrari,599,88,2010;2011,2010,2011,0,,88,0,0,0,3,21,2,12,39,11
246,112,662,Ferrari,California,Ferrari,California,120,2009;2012;2015,2009,2015,0,,120,0,0,0,1,17,4,36,45,17
247,112,670,Ferrari,F12berlinetta,Ferrari,F12berlinetta,120,2013;2014;2015,2013,2015,0,,120,0,0,0,2,13,15,20,43,27
248,112,667,Ferrari,Ferrari FF,Ferrari,FF,120,2012,2012,2012,0,,120,0,0,0,2,19,13,10,56,20
249,112,668,Ferrari,LaFerrari,Ferrari,LaFerrari,120,2013;2014;2015,2013,2015,0,,120,0,0,0,3,25,11,19,35,27
250,112,669,Ferrari,Sergio,Ferrari,Sergio,81,2013;2015,2013,2015,0,,81,0,0,0,4,7,12,27,17,14
251,134,661,FIAT,FIAT 500,FIAT,500,116,2009;2011;2012;2013;2014;2015,2009,2015,0,,116,0,0,0,0,18,13,16,42,27
252,134,653,FIAT,FIAT 500L,FIAT,500L,120,2013;2014,2013,2014,0,,120,0,0,0,0,8,4,26,58,24
253,134,645,FIAT,Bravo,FIAT,Bravo,120,2008;2009;2011;2013,2008,2013,0,,120,0,0,0,0,20,13,15,44,28
254,134,651,FIAT,Doblo,FIAT,Doblo,105,2005;2010;2015,2005,2015,20,,105,0,0,0,0,3,2,16,58,26
255,134,641,FIAT,Feixiang,FIAT,Feixiang,120,2012;2013;2014;2015,2012,2015,0,,120,0,0,0,0,22,17,19,34,28
256,134,650,FIAT,FIAT Fiorino Qubo,FIAT,Fiorino Qubo,59,2009,2009,2009,30,,59,0,0,0,0,7,3,12,24,13
257,134,647,FIAT,Freemont,FIAT,Freemont,120,2012;2013;2014;2015,2012,2015,0,,120,0,0,0,0,18,12,21,42,27
258,134,654,FIAT,FIAT Idea,FIAT,Idea,120,2011;2014,2011,2014,0,,120,0,0,0,0,11,7,17,43,42
259,134,648,FIAT,Linea,FIAT,Linea,67,2008,2008,2008,0,,67,0,0,0,1,9,6,10,27,14
260,134,643,FIAT,Palio,FIAT,Palio,77,2004;2005;2006;2012,2004,2012,0,,77,0,0,0,0,5,5,14,36,17
261,134,655,FIAT,FIAT Panda,FIAT,Panda,120,2013;2014;2015,2013,2015,0,,120,0,0,0,0,14,2,17,70,17
262,134,649,FIAT,Punto,FIAT,Punto,120,2008;2011;2012,2008,2012,0,,120,0,0,0,0,19,11,12,49,29
263,134,657,FIAT,FIAT Uno,FIAT,Uno,111,2011;2015,2011,2015,0,,111,0,0,0,2,6,5,22,45,31
264,134,642,FIAT,Zhiyue,FIAT,Zhiyue,120,2014;2015,2014,2015,0,,120,0,0,0,0,22,14,23,33,28
265,6,1777,Fisker,Karma,Fisker,Karma,87,2013,2013,2013,0,,87,0,0,0,0,10,7,6,55,9
266,6,1774,Fisker,Surf,Fisker,Surf,54,2011,2011,2011,0,,54,0,0,0,0,4,6,17,10,17
267,122,618,Ford,Ford B-MAX,Ford,B-MAX,53,2011;2013,2011,2013,0,,53,0,0,0,2,3,1,9,18,20
268,122,619,Ford,Ford C-MAX,Ford,C-MAX,120,2011;2012;2013;2014;2015,2011,2015,0,,120,0,0,0,0,7,5,18,58,32
269,122,587,Ford,Classic Focus hatchback,Ford,Classic Focus hatchback,98,2008;2011;2012;2013,2008,2013,0,,98,0,0,0,0,17,12,19,30,20
270,122,588,Ford,Classic Focus sedan,Ford,Classic Focus sedan,118,2008;2011;2012;2013,2008,2013,0,,118,0,0,0,0,21,14,22,35,26
271,122,593,Ford,Ecosport,Ford,Ecosport,120,2012;2013,2012,2013,0,,120,0,0,0,0,17,12,22,42,27
272,122,606,Ford,Edge,Ford,Edge,120,2010;2011;2012;2013;2014;2015,2010,2015,0,,120,0,0,0,0,13,18,22,45,22
273,122,585,Ford,escort,Ford,escort,120,2014;2015,2014,2015,0,,120,0,0,0,1,21,13,21,33,31
274,122,632,Ford,Expedition,Ford,Expedition,117,2012;2014;2015,2012,2015,0,,117,0,0,0,2,6,4,16,66,23
275,122,607,Ford,Explorer,Ford,Explorer,120,2011;2013;2016,2011,2016,0,,120,0,0,0,0,9,8,21,52,30
276,122,601,Ford,Ford F-150,Ford,F-150,119,2012;2013;2014;2015;2016,2012,2016,0,,119,0,0,0,3,16,10,25,41,24
277,122,603,Ford,Ford F-350,Ford,F-350,52,2011;2013;2014,2011,2014,0,,52,0,0,0,0,7,7,7,17,14
278,122,604,Ford,Ford F-650,Ford,F-650,51,2011;2013;2014,2011,2014,0,,51,0,0,0,0,7,5,8,19,12
279,146,1745,Mustang,Mustang F12,Ford,F12,104,2011;2012;2014,2011,2014,0,,104,0,0,0,0,17,13,19,30,25
280,146,1739,Mustang,Mustang F16,Ford,F16,52,2011;2014,2011,2014,0,,52,0,0,0,1,10,6,8,15,12
281,146,1740,Mustang,Mustang F99,Ford,F99,91,2009;2010;2012,2009,2012,0,,91,0,0,0,0,14,8,10,45,14
282,122,622,Ford,Falcon,Ford,Falcon,120,2008;2014,2008,2014,0,,120,0,0,0,0,13,4,9,74,20
283,122,597,Ford,Fiesta hatchback,Ford,Fiesta hatchback,128,2009;2010;2011;2012;2013;2014,2009,2014,0,,128,0,0,0,0,22,16,25,32,33
284,122,586,Ford,Fiesta sedan,Ford,Fiesta sedan,162,2009;2010;2011;2013,2009,2013,0,,162,0,0,0,1,29,17,26,52,37
285,122,605,Ford,Fiesta ST,Ford,Fiesta ST,63,2013,2013,2013,0,,63,0,0,0,0,8,9,15,14,17
286,122,610,Ford,Ford Flex,Ford,Flex,120,2004;2009;2013,2004,2013,0,,120,0,0,0,2,10,9,19,54,26
287,122,600,Ford,Focus ST,Ford,Focus ST,105,2012;2013;2014,2012,2014,0,,105,0,0,0,0,12,11,19,39,24
288,122,613,Ford,Ford Fusion,Ford,Fusion,120,2010;2013,2010,2013,0,,120,0,0,0,0,12,4,23,53,28
289,122,609,Ford,Ford Ka,Ford,Ka,108,2008;2011,2008,2011,0,,108,0,0,0,2,2,0,21,56,27
290,122,594,Ford,Kuga,Ford,Kuga,120,2008;2010;2013;2014;2015,2008,2015,0,,120,0,0,0,0,14,10,22,47,27
291,122,596,Ford,Mendeo,Ford,Mendeo,120,2013,2013,2013,0,,120,0,0,0,0,18,14,26,41,21
292,122,595,Ford,Mendeo Zhisheng,Ford,Mendeo Zhisheng,120,2010;2011;2012;2013,2010,2013,0,,120,0,0,0,0,18,15,25,42,20
293,122,608,Ford,Mustang,Ford,Mustang,120,2012;2013;2014;2015,2012,2015,0,,120,0,0,0,0,15,15,29,29,32
294,122,590,Ford,New Focus hatchback,Ford,New Focus hatchback,214,2006;2007;2009;2011;2012;2013,2006,2013,0,,214,0,0,0,0,36,27,36,68,47
295,122,591,Ford,New Focus sedan,Ford,New Focus sedan,151,2005;2009;2011;2012;2013,2005,2013,0,,151,0,0,0,0,21,18,28,49,35
296,122,624,Ford,Ranger,Ford,Ranger,55,2008;2012,2008,2012,0,,55,0,0,0,0,1,1,3,40,10
297,122,589,Ford,S-MAX,Ford,S-MAX,98,2007;2008;2011;2013;2014;2015,2007,2015,0,,98,0,0,0,0,19,5,12,38,24
298,122,633,Ford,Super Duty,Ford,Super Duty,108,2013;2015,2013,2015,0,,108,0,0,0,0,7,1,8,69,23
299,122,625,Ford,Territory,Ford,Territory,120,2011;2012;2014,2011,2014,0,,120,0,0,0,0,14,3,15,56,32
300,122,599,Ford,Transit,Ford,Transit,91,2009;2010;2013;2014,2009,2014,0,,91,0,0,0,0,12,11,16,34,18
301,122,617,Ford,Ford Transit,Ford,Transit,80,2013;2014,2013,2014,0,,80,0,0,0,2,4,1,16,41,16
302,69,1486,Geely,Classic Imperial hatchback,Geely,Classic Imperial hatchback,138,2009;2010;2011;2012;2013,2009,2013,0,,138,0,0,0,0,22,14,21,50,31
303,69,1487,Geely,Classic Imperial sedan,Geely,Classic Imperial sedan,101,2009;2010;2012;2013,2009,2013,0,,101,0,0,0,0,16,12,18,31,24
304,69,1509,Geely,Geely EC8,Geely,EC8,116,2010;2011;2013;2015,2010,2015,0,,116,0,0,0,0,15,11,19,47,24
305,69,1472,Geely,Geely GC7,Geely,GC7,118,2012;2013,2012,2013,0,,118,0,0,0,0,20,14,15,44,25
306,69,1507,Geely,Geely GC9,Geely,GC9,52,2014;2015,2014,2015,0,,52,0,0,0,0,9,7,10,13,13
307,69,1473,Geely,Geely GX2,Geely,GX2,111,2010;2011;2012,2010,2012,0,,111,0,0,0,0,13,12,20,39,27
308,69,1474,Geely,Geely GX7,Geely,GX7,119,2012;2013;2014;2015,2012,2015,0,,119,0,0,0,0,11,16,29,39,24
309,69,1488,Geely,Imperial hatchback,Geely,Imperial hatchback,60,2013;2014,2013,2014,0,,60,0,0,0,0,7,7,8,19,19
310,69,1484,Geely,Jinying,Geely,Jinying,78,2008;2010,2008,2010,0,,78,0,0,0,0,10,6,9,37,16
311,69,1481,Geely,King Kong CROSS,Geely,King Kong CROSS,61,2011;2014,2011,2014,0,,61,0,0,0,0,7,4,12,25,13
312,69,1483,Geely,King Kong sedan,Geely,King Kong sedan,106,2007;2009;2010;2011;2013;2014,2007,2014,0,,106,0,0,0,0,21,11,17,37,20
313,69,1490,Geely,Panda,Geely,Panda,120,2009;2010;2011;2013;2014,2009,2014,0,,120,0,0,0,0,23,16,19,38,24
314,69,1475,Geely,Geely SC3,Geely,SC3,125,2012;2014,2012,2014,0,,125,0,0,0,0,19,15,23,41,27
315,69,1476,Geely,Geely SC5-RV,Geely,SC5-RV,96,2010;2011,2010,2011,0,,96,0,0,0,0,13,9,14,34,26
316,69,1478,Geely,Geely SC7,Geely,SC7,53,2010;2011;2012;2014,2010,2014,0,,53,0,0,0,0,7,6,8,20,12
317,69,1479,Geely,Geely SX7,Geely,SX7,112,2013;2014,2013,2014,0,,112,0,0,0,0,15,13,24,33,27
318,69,1480,Geely,Geely TX4,Geely,TX4,120,2009;2012,2009,2012,0,,120,0,0,0,0,17,11,17,56,19
319,69,1492,Geely,Vision,Geely,Vision,120,2006;2009;2010;2011;2013;2014;2015,2006,2015,0,,120,0,0,0,0,16,11,15,55,23
320,69,1494,Geely,Ziyoujian,Geely,Ziyoujian,119,2006;2010;2011;2012;2015,2006,2015,0,,119,0,0,0,0,21,10,13,51,24
321,7,685,GMC,Acadia,GMC,Acadia,79,2007;2011;2013,2007,2013,0,,79,0,0,0,0,10,8,11,32,18
322,7,686,GMC,GMC CANYON,GMC,CANYON,56,2015,2015,2015,0,,56,0,0,0,0,7,2,3,31,13
323,7,687,GMC,Savana,GMC,Savana,117,2006;2010;2011;2012;2013;2014,2006,2014,0,,117,0,0,0,0,20,14,13,38,32
324,7,684,GMC,Sierra,GMC,Sierra,120,2011;2012;2013;2014;2015,2011,2015,0,,120,0,0,0,0,11,6,14,56,33
325,7,683,GMC,Terrain,GMC,Terrain,111,2010;2012;2013;2014,2010,2014,0,,111,0,0,0,0,11,11,18,40,31
326,7,682,GMC,Yukon,GMC,Yukon,120,2007;2008;2013;2015,2007,2015,0,,120,0,0,0,0,14,6,14,60,26
327,150,377,GreatWall,Great Wall C20R,GreatWall,Great Wall C20R,120,2011;2013;2014,2011,2014,0,,120,0,0,0,1,12,16,19,39,33
328,150,396,GreatWall,Great Wall C30,GreatWall,Great Wall C30,120,2010;2012;2013;2014;2015,2010,2015,0,,120,0,0,0,0,22,21,23,29,25
329,150,378,GreatWall,Great Wall C50,GreatWall,Great Wall C50,120,2012;2013;2014,2012,2014,0,,120,0,0,0,0,20,19,23,34,24
330,150,379,GreatWall,Great Wall M1,GreatWall,Great Wall M1,94,2009;2010,2009,2010,0,,94,0,0,0,0,15,10,15,33,21
331,150,380,GreatWall,Great Wall M2,GreatWall,Great Wall M2,120,2010;2012;2013;2014,2010,2014,0,,120,0,0,0,0,20,14,19,41,26
332,150,381,GreatWall,Great Wall M4,GreatWall,Great Wall M4,120,2012;2013;2014,2012,2014,0,,120,0,0,0,0,16,18,24,33,29
333,150,382,GreatWall,Great Wall V80,GreatWall,Great Wall V80,118,2009;2011;2012;2013,2009,2013,0,,118,0,0,0,0,14,11,16,50,27
334,150,387,GreatWall,Jingling,GreatWall,Jingling,78,2008;2009,2008,2009,0,,78,0,0,0,0,11,8,11,29,19
335,150,388,GreatWall,Kuxiong,GreatWall,Kuxiong,109,2009;2010,2009,2010,0,,109,0,0,0,1,19,12,16,39,22
336,150,389,GreatWall,Lingao,GreatWall,Lingao,110,2010;2011,2010,2011,0,,110,0,0,0,0,13,11,9,48,29
337,150,384,GreatWall,Wingle 5,GreatWall,Wingle 5,113,2011;2012;2013,2011,2013,0,,113,0,0,0,0,20,13,18,40,22
338,150,385,GreatWall,Wingle 6,GreatWall,Wingle 6,117,2014,2014,2014,0,,117,0,0,0,1,16,15,23,34,28
339,150,391,GreatWall,Xuanli,GreatWall,Xuanli,114,2008;2009;2010;2011,2008,2011,0,,114,0,0,0,0,18,12,12,45,27
340,150,392,GreatWall,Xuanli CROSS,GreatWall,Xuanli CROSS,117,2009;2010;2011,2009,2011,0,,117,0,0,0,0,16,14,26,36,25
341,71,699,Haval,Haval H2,Haval,H2,119,2012;2014,2012,2014,0,,119,0,0,0,0,20,15,21,38,25
342,71,688,Haval,Haval H3,Haval,H3,140,2007;2008;2009;2010;2012,2007,2012,0,,140,0,0,0,0,27,14,22,49,28
343,71,689,Haval,Haval H5,Haval,H5,131,2010;2011;2012;2013,2010,2013,0,,131,0,0,0,0,20,13,20,49,29
344,71,690,Haval,Haval H6,Haval,H6,120,2011;2012;2013;2014;2015,2011,2015,0,,120,0,0,0,0,21,17,18,34,30
345,71,691,Haval,Haval H8,Haval,H8,143,2012;2013;2014,2012,2014,0,,143,0,0,0,0,27,17,25,45,29
346,100,213,Honda,Accord,Honda,Accord,148,2010;2011;2012;2013;2014,2010,2014,0,,148,0,0,0,2,24,12,22,57,31
347,100,210,Honda,City,Honda,City,120,2009;2011;2012;2014,2009,2014,0,,120,0,0,0,0,23,13,15,44,25
348,100,251,Honda,Civic,Honda,Civic,160,2009;2012;2013;2014;2015,2009,2015,0,,160,0,0,0,0,29,19,27,53,32
349,100,252,Honda,Honda CR-V,Honda,CR-V,120,2010;2012;2013,2010,2013,0,,120,0,0,0,0,20,13,22,44,21
350,100,216,Honda,Honda CR-Z,Honda,CR-Z,120,2010;2012;2013,2010,2013,0,,120,0,0,0,0,15,9,22,49,25
351,100,212,Honda,Crider,Honda,Crider,118,2013;2015,2013,2015,0,,118,0,0,0,0,18,9,28,37,26
352,100,211,Honda,Crosstour,Honda,Crosstour,120,2011;2012;2013;2014,2011,2014,0,,120,0,0,0,0,18,16,21,36,29
353,100,248,Honda,Elysion,Honda,Elysion,120,2012;2013;2015,2012,2015,0,,120,0,0,0,0,18,14,21,40,27
354,100,232,Honda,Honda FCX,Honda,FCX,88,2010,2010,2010,0,,88,0,0,0,0,8,6,14,41,19
355,100,215,Honda,Fit,Honda,Fit,150,2008;2011;2013;2014,2008,2014,0,,150,0,0,0,0,21,18,23,52,36
356,100,243,Honda,Honda HR-V,Honda,HR-V,101,2014;2015;2016,2014,2016,0,,101,0,0,0,1,8,8,14,38,32
357,100,247,Honda,Honda Insight,Honda,Insight,120,2010;2012;2013,2010,2013,0,,120,0,0,0,0,14,6,13,64,23
358,100,249,Honda,Jade,Honda,Jade,119,2013;2014,2013,2014,0,,119,0,0,0,1,19,18,17,37,27
359,100,226,Honda,Honda NSX,Honda,NSX,93,2002;2003;2012;2015,2002,2015,0,,93,0,0,0,0,12,6,9,45,21
360,100,209,Honda,Odyssey,Honda,Odyssey,121,2009;2011;2013;2014;2015,2009,2015,0,,121,0,0,0,0,18,17,22,32,32
361,100,235,Honda,Honda ONE,Honda,ONE,56,2013,2013,2013,0,,56,0,0,0,0,2,2,5,42,5
362,100,221,Honda,Honda S2000,Honda,S2000,54,2009,2009,2009,30,,54,0,0,0,0,5,5,7,19,18
363,100,250,Honda,Spirior,Honda,Spirior,117,2009;2013;2014;2015,2009,2015,0,,117,0,0,0,0,24,16,16,39,22
364,100,214,Honda,Vezel,Honda,Vezel,120,2015,2015,2015,0,,120,0,0,0,0,16,14,21,41,28
365,118,966,Hyundai,Accent,Hyundai,Accent,104,2006;2008;2011,2006,2011,0,,104,0,0,0,1,15,8,10,45,25
366,118,1001,Hyundai,Accent abroad version,Hyundai,Accent abroad version,74,2010;2012;2014;2015,2010,2015,0,,74,0,0,0,2,4,1,10,41,16
367,118,957,Hyundai,Avante,Hyundai,Avante,118,2012;2013;2015,2012,2015,0,,118,0,0,0,0,22,16,20,34,26
368,118,967,Hyundai,Elantra,Hyundai,Elantra,146,2004;2005;2006;2007;2011,2004,2011,0,,146,0,0,0,0,21,17,30,44,34
369,118,1002,Hyundai,Elantra abroad version,Hyundai,Elantra abroad version,120,2013;2014;2016,2013,2016,0,,120,0,0,0,0,12,10,21,46,31
370,118,968,Hyundai,Elantra Yuedong,Hyundai,Elantra Yuedong,118,2010;2011,2010,2011,0,,118,0,0,0,2,22,12,23,34,25
371,118,980,Hyundai,Equus,Hyundai,Equus,120,2009;2010;2012;2014,2009,2014,0,,120,0,0,0,0,17,6,18,48,31
372,118,975,Hyundai,Genesis,Hyundai,Genesis,119,2015,2015,2015,0,,119,0,0,0,0,11,12,20,46,30
373,118,973,Hyundai,Grand SantaFe,Hyundai,Grand SantaFe,119,2013,2013,2013,0,,119,0,0,0,0,19,15,13,39,33
374,118,981,Hyundai,Grandeur,Hyundai,Grandeur,119,2010;2011;2012;2014;2015,2010,2015,0,,119,0,0,0,0,15,15,11,48,30
375,118,987,Hyundai,i10,Hyundai,i10,120,2011;2013;2014,2011,2014,0,,120,0,0,0,0,13,4,17,55,31
376,118,982,Hyundai,i20,Hyundai,i20,120,2009;2013;2015,2009,2015,0,,120,0,0,0,0,8,5,26,52,29
377,118,955,Hyundai,i30,Hyundai,i30,82,2007;2009;2013,2007,2013,0,,82,0,0,0,0,12,10,13,26,21
378,118,984,Hyundai,i40,Hyundai,i40,120,2012;2014;2015,2012,2015,0,,120,0,0,0,0,11,9,21,50,29
379,118,997,Hyundai,ix20,Hyundai,ix20,58,2011;2013;2015,2011,2015,0,,58,0,0,0,1,7,4,8,24,14
380,118,971,Hyundai,ix25,Hyundai,ix25,119,2014;2015,2014,2015,0,,119,0,0,0,0,20,14,19,39,27
381,118,956,Hyundai,ix35,Hyundai,ix35,119,2010;2012;2013;2015,2010,2015,0,,119,0,0,0,0,26,16,17,37,23
382,118,959,Hyundai,Mistra,Hyundai,Mistra,120,2013;2014,2013,2014,0,,120,0,0,0,0,15,16,15,48,26
383,118,960,Hyundai,Moinca,Hyundai,Moinca,89,2009,2009,2009,0,,89,0,0,0,0,16,15,9,30,19
384,118,996,Hyundai,Nuvis,Hyundai,Nuvis,50,2009,2009,2009,0,,50,0,0,0,0,2,0,22,14,12
385,118,962,Hyundai,Rena,Hyundai,Rena,120,2010;2014,2010,2014,0,,120,0,0,0,0,20,9,20,45,26
386,118,976,Hyundai,Rohens,Hyundai,Rohens,118,2008;2010;2011;2012;2013,2008,2013,0,,118,0,0,0,0,16,7,21,49,25
387,118,977,Hyundai,Rohens Coupe,Hyundai,Rohens Coupe,119,2009;2012,2009,2012,0,,119,0,0,0,0,15,14,20,39,31
388,118,961,Hyundai,Santafe,Hyundai,Santafe,130,2008;2010;2011;2012;2013,2008,2013,0,,130,0,0,0,0,24,13,19,47,27
389,118,958,Hyundai,Sonata,Hyundai,Sonata,132,2008;2009,2008,2009,0,,132,0,0,0,0,23,11,16,60,22
390,118,964,Hyundai,Sonata 8,Hyundai,Sonata 8,120,2010;2011;2013;2014,2010,2014,0,,120,0,0,0,0,17,15,17,39,32
391,118,1000,Hyundai,Sonata abroad version,Hyundai,Sonata abroad version,52,2011;2014;2015,2011,2015,0,,52,0,0,0,0,4,2,15,25,6
392,118,965,Hyundai,Tucson,Hyundai,Tucson,119,2006;2009;2013,2006,2013,0,,119,0,0,0,0,12,9,12,57,29
393,118,983,Hyundai,Tucson abroad vresion,Hyundai,Tucson abroad vresion,94,2005;2010;2013;2014;2015,2005,2015,0,,94,0,0,0,0,9,7,19,30,29
394,118,1004,Hyundai,Veloster,Hyundai,Veloster,120,2011;2012;2014;2016,2011,2016,0,,120,0,0,0,0,13,9,19,50,29
395,118,979,Hyundai,Veracruz,Hyundai,Veracruz,101,2007;2009;2010;2011;2012,2007,2012,0,,101,0,0,0,3,16,10,8,39,25
396,118,963,Hyundai,Verna,Hyundai,Verna,120,2011;2014,2011,2014,0,,120,0,0,0,0,16,16,18,39,31
397,118,974,Hyundai,Wagon,Hyundai,Wagon,108,2011,2011,2011,0,,108,0,0,0,0,13,13,13,42,27
398,131,1005,Infiniti,ESQ,Infiniti,ESQ,120,2014,2014,2014,0,,120,0,0,0,0,17,17,25,34,27
399,131,1017,Infiniti,Essence,Infiniti,Essence,53,2009,2009,2009,0,,53,0,0,0,0,9,11,10,12,11
400,131,1023,Infiniti,Infiniti G Class,Infiniti,G Class,120,2009;2010;2012;2013,2009,2013,0,,120,0,0,0,0,15,16,21,37,31
401,131,1006,Infiniti,Infiniti Q50,Infiniti,Q50,119,2013;2014,2013,2014,0,,119,0,0,0,0,19,12,21,48,19
402,131,1024,Infiniti,Infiniti Q50L,Infiniti,Q50L,120,2015,2015,2015,0,,120,0,0,0,0,20,17,23,34,26
403,131,1008,Infiniti,Infiniti Q60,Infiniti,Q60,120,2010;2013;2014;2015,2010,2015,0,,120,0,0,0,3,20,11,18,36,32
404,131,1010,Infiniti,Infiniti Q70L,Infiniti,Q70L,120,2009;2011;2012;2013;2014,2009,2014,0,,120,0,0,0,0,23,13,23,37,24
405,131,1012,Infiniti,Infiniti QX50,Infiniti,QX50,112,2008;2009;2010;2011;2013;2014;2015,2008,2015,0,,112,0,0,0,0,15,13,21,30,33
406,131,1013,Infiniti,Infiniti QX60,Infiniti,QX60,120,2013;2014,2013,2014,0,,120,0,0,0,0,16,12,17,46,29
407,131,1015,Infiniti,Infiniti QX70,Infiniti,QX70,120,2009;2010;2011;2013;2014;2015,2009,2015,0,,120,0,0,0,0,21,14,24,37,24
408,131,1016,Infiniti,Infiniti QX80,Infiniti,QX80,133,2011;2013;2014,2011,2014,0,,133,0,0,0,0,18,10,21,55,29
409,42,1248,Isuzu,D-MAX,Isuzu,D-MAX,118,2014;2015,2014,2015,0,,118,0,0,0,1,14,17,19,36,31
410,46,1294,Iveco,Campagnola,Iveco,Campagnola,52,2009,2009,2009,0,,52,0,0,0,0,4,0,6,39,3
411,46,1288,Iveco,Power Daily,Iveco,Power Daily,53,2009;2012;2013;2014,2009,2014,0,,53,0,0,0,0,7,7,8,19,12
412,92,749,Jaguar,Gaguar C-X75,Jaguar,Gaguar C-X75,120,2010;2013,2010,2013,0,,120,0,0,0,3,19,14,28,37,19
413,92,753,Jaguar,Gaguar E-TYPE,Jaguar,Gaguar E-TYPE,84,1971;2011;2014,1971,2014,0,,84,0,0,0,2,3,4,16,32,27
414,92,746,Jaguar,Gaguar F-TYPE,Jaguar,Gaguar F-TYPE,120,2011;2013;2014;2015;2016,2011,2016,0,,120,0,0,0,4,8,11,15,49,33
415,92,755,Jaguar,Gaguar XE,Jaguar,Gaguar XE,120,2014;2015;2016,2014,2016,0,,120,0,0,0,5,15,7,19,43,31
416,92,756,Jaguar,Gaguar XF,Jaguar,Gaguar XF,141,2009;2011;2012;2013;2014;2015,2009,2015,0,,141,0,0,0,0,23,21,26,41,30
417,92,747,Jaguar,Gaguar XJ,Jaguar,Gaguar XJ,120,2010;2011;2012;2013;2014,2010,2014,0,,120,0,0,0,0,21,15,18,42,24
418,92,748,Jaguar,Gaguar XK,Jaguar,Gaguar XK,120,2006;2009;2012;2013;2014,2006,2014,0,,120,0,0,0,4,10,10,20,47,29
419,11,737,Jeep,Cherokee,Jeep,Cherokee,120,2014,2014,2014,0,,120,0,0,0,0,23,8,16,41,32
420,11,736,Jeep,Compass,Jeep,Compass,125,2009;2010;2011;2012;2013;2014,2009,2014,0,,125,0,0,0,0,22,17,23,34,29
421,11,745,Jeep,Grand Cherokee,Jeep,Grand Cherokee,120,2004;2005;2010;2011;2012;2013;2014,2004,2014,0,,120,0,0,0,0,20,13,16,47,24
422,11,734,Jeep,Grand Cherokee SRT,Jeep,Grand Cherokee SRT,120,2012;2013;2014;2015,2012,2015,0,,120,0,0,0,0,11,9,18,56,26
423,11,738,Jeep,Patriot,Jeep,Patriot,120,2009;2011;2012;2013;2014,2009,2014,0,,120,0,0,0,0,15,16,22,38,29
424,11,742,Jeep,Renegade,Jeep,Renegade,119,2014;2015,2014,2015,0,,119,0,0,0,1,15,12,15,43,33
425,11,735,Jeep,Wrangler,Jeep,Wrangler,160,2009;2010;2011;2012;2013;2014,2009,2014,0,,160,0,0,0,0,23,22,32,44,39
426,140,1195,KIA,Borrego,Kia,Borrego,120,2008;2012;2013;2015,2008,2015,0,,120,0,0,0,0,19,14,17,42,28
427,140,1206,KIA,KIA Ceed,Kia,Ceed,120,2010;2013;2014;2015,2010,2015,0,,120,0,0,0,0,5,5,25,58,27
428,140,1187,KIA,Cerato,Kia,Cerato,108,2005;2006;2007;2008;2010;2012,2005,2012,0,,108,0,0,0,1,21,12,9,45,20
429,140,1180,KIA,Forte,Kia,Forte,120,2009;2011;2012;2014,2009,2014,0,,120,0,0,0,0,28,13,17,37,25
430,140,1210,KIA,KIA Forte,Kia,Forte,120,2010;2011;2014,2010,2014,0,,120,0,0,0,1,13,9,20,47,30
431,140,1194,KIA,KIA K2 hatchback,Kia,K2 hatchback,70,2012,2012,2012,0,,70,0,0,0,0,10,10,12,20,18
432,140,1181,KIA,KIA K2 sedan,Kia,K2 sedan,229,2011;2012;2015,2011,2015,0,,229,0,0,0,0,31,29,50,61,58
433,140,1182,KIA,KIA K3,Kia,K3,119,2013;2015,2013,2015,0,,119,0,0,0,0,13,15,21,41,29
434,140,1183,KIA,KIA K3S,Kia,K3S,120,2014,2014,2014,0,,120,0,0,0,0,17,17,20,36,30
435,140,1184,KIA,KIA K4,Kia,K4,120,2014,2014,2014,0,,120,0,0,0,0,31,10,18,38,23
436,140,1185,KIA,KIA K5,Kia,K5,119,2011;2012;2014;2015,2011,2015,0,,119,0,0,0,0,22,15,14,36,32
437,140,1196,KIA,KIA K5 hybrid,Kia,K5 hybrid,67,2013;2014,2013,2014,0,,67,0,0,0,0,9,7,14,22,15
438,140,1209,KIA,KIA K9,Kia,K9,51,2013;2015,2013,2015,0,,51,0,0,0,0,5,2,8,28,8
439,140,1221,KIA,Kaizun,Kia,Kaizun,120,2010;2012;2013;2014,2010,2014,0,,120,0,0,0,0,13,10,15,58,24
440,140,1201,KIA,New Carens,Kia,New Carens,113,2011;2013,2011,2013,0,,113,0,0,0,0,13,13,18,37,32
441,140,1205,KIA,KIA Picanto,Kia,Picanto,120,2012;2015,2012,2015,0,,120,0,0,0,0,5,4,13,74,24
442,140,1186,KIA,RIO,Kia,RIO,112,2005;2007;2012,2005,2012,0,,112,0,0,0,0,9,6,17,51,29
443,140,1220,KIA,Sedona,Kia,Sedona,52,2014;2015,2014,2015,0,,52,0,0,0,0,6,2,7,22,15
444,140,1199,KIA,Shuma,Kia,Shuma,118,2010;2011;2013;2014,2010,2014,0,,118,0,0,0,0,23,12,20,37,26
445,140,1200,KIA,Sorento,Kia,Sorento,120,2009;2010;2012;2013;2014;2015,2009,2015,0,,120,0,0,0,0,15,8,14,58,25
446,140,1189,KIA,Soul,Kia,Soul,122,2010;2012;2013;2014;2015,2010,2015,0,,122,0,0,0,0,13,7,23,53,26
447,140,1188,KIA,Sportage,Kia,Sportage,119,2009;2011;2012;2013,2009,2013,0,,119,0,0,0,1,25,17,21,34,21
448,140,1203,KIA,SPORTAGE,Kia,SPORTAGE,120,2005;2011;2014,2005,2014,0,,120,0,0,0,4,8,9,14,63,22
449,140,1190,KIA,Sportage R,Kia,Sportage R,120,2011;2012;2014;2015,2011,2015,0,,120,0,0,0,0,18,17,25,35,25
450,140,1202,KIA,KIA venga,Kia,venga,119,2010;2011;2015,2010,2015,0,,119,0,0,0,1,13,9,15,63,18
451,140,1197,KIA,KIA VQ,Kia,VQ,133,2006;2008;2011;2012;2013,2006,2013,0,,133,0,0,0,0,19,14,19,46,35
452,125,780,Koenigsegg,Koenigsegg Agera,Koenigsegg,Agera,120,2011;2013;2014;2015,2011,2015,0,,120,0,0,0,4,22,11,17,40,26
453,51,1155,Lamorghini,Aventador,Lamborghini,Aventador,119,2011;2012;2013;2015;2016,2011,2016,0,,119,0,0,0,7,17,6,36,34,19
454,51,1159,Lamorghini,Gallardo,Lamborghini,Gallardo,120,2008;2009;2010;2011;2012;2013;2014,2008,2014,0,,120,0,0,0,1,19,11,13,51,25
455,51,1165,Lamorghini,Huracan,Lamborghini,Huracan,120,2014;2015,2014,2015,0,,120,0,0,0,2,17,8,19,49,25
456,51,1156,Lamorghini,Reventon,Lamborghini,Reventon,54,2008;2010,2008,2010,0,,54,0,0,0,2,8,2,13,18,11
457,51,1162,Lamorghini,Veneno,Lamborghini,Veneno,120,2013;2014,2013,2014,0,,120,0,0,0,6,14,9,17,38,36
458,136,1782,Lancia,Lancia Delta,Lancia,Delta,84,2009,2009,2009,0,,84,0,0,0,1,9,2,15,43,14
459,136,1778,Lancia,Lancia Flavia,Lancia,Flavia,82,2011;2013,2011,2013,0,,82,0,0,0,0,9,1,14,37,21
460,136,1779,Lancia,Lancia Thema,Lancia,Thema,58,2012,2012,2012,0,,58,0,0,0,0,6,2,6,30,14
461,136,1781,Lancia,Lancia Ypsilon,Lancia,Ypsilon,113,2006;2012,2006,2012,0,,113,0,0,0,0,10,3,20,50,30
462,142,1142,LAND-ROVER,Land Rover DC100,Land Rover,DC100,113,2011;2012,2011,2012,0,,113,0,0,0,2,9,4,32,35,31
463,142,1141,LAND-ROVER,Defender,Land Rover,Defender,118,2004;2013;2014;2015,2004,2015,0,,118,0,0,0,0,17,9,10,62,20
464,142,1134,LAND-ROVER,Discovery,Land Rover,Discovery,140,2010;2011;2012;2013;2014;2015,2010,2015,0,,140,0,0,0,0,21,13,28,51,27
465,142,1137,LAND-ROVER,Evoque,Land Rover,Evoque,120,2012;2013;2014;2015,2012,2015,0,,120,0,0,0,1,23,20,25,26,25
466,142,1140,LAND-ROVER,Freelander,Land Rover,Freelander,136,2010;2011;2012;2013;2014;2015,2010,2015,0,,136,0,0,0,0,20,16,23,38,39
467,142,1135,LAND-ROVER,Range Rover,Land Rover,Range Rover,119,2010;2011;2012;2013;2014;2015,2010,2015,0,,119,0,0,0,0,19,16,20,35,29
468,142,1138,LAND-ROVER,Range Rover Sport,Land Rover,Range Rover Sport,126,2010;2011;2012;2013;2014,2010,2014,0,,126,0,0,0,0,17,14,21,41,33
469,159,1565,Lexus,Lexus CT,Lexus,CT,120,2012;2013;2014,2012,2014,0,,120,0,0,0,0,23,17,23,34,23
470,159,1587,Lexus,Lexus ES,Lexus,ES,119,1993;2005;2006;2013;2014,1993,2014,0,,119,0,0,0,0,19,16,14,41,29
471,159,1567,Lexus,Lexus GS,Lexus,GS,118,2010;2012;2014;2015,2010,2015,0,,118,0,0,0,0,15,12,19,43,29
472,159,1568,Lexus,Lexus GS hybrid,Lexus,GS hybrid,120,2009;2010;2012;2014,2009,2014,0,,120,0,0,0,1,21,19,25,30,24
473,159,1569,Lexus,Lexus GX,Lexus,GX,120,2004;2010;2012;2014,2004,2014,0,,120,0,0,0,0,12,10,17,56,25
474,159,1581,Lexus,Lexus HS,Lexus,HS,120,2010;2011,2010,2011,0,,120,0,0,0,0,5,3,22,74,16
475,159,1570,Lexus,Lexus IS,Lexus,IS,120,2011;2013;2014;2015,2011,2015,0,,120,0,0,0,0,19,13,18,42,28
476,159,1571,Lexus,Lexus IS convertible,Lexus,IS convertible,76,2009;2010;2011,2009,2011,0,,76,0,0,0,0,15,7,10,22,22
477,159,1572,Lexus,Lexus LF-A,Lexus,LF-A,120,2008;2011;2012,2008,2012,0,,120,0,0,0,0,15,9,13,55,28
478,159,1583,Lexus,Lexus LF-CC,Lexus,LF-CC,51,2012,2012,2012,0,,51,0,0,0,0,7,5,9,18,12
479,159,1584,Lexus,Lexus LF-Gh,Lexus,LF-Gh,61,2011,2011,2011,0,,61,0,0,0,0,10,5,12,20,14
480,159,1582,Lexus,Lexus LF-LC,Lexus,LF-LC,69,2012,2012,2012,0,,69,0,0,0,0,12,4,13,28,12
481,159,1585,Lexus,Lexus LF-NX,Lexus,LF-NX,53,2013,2013,2013,0,,53,0,0,0,1,5,3,12,21,11
482,159,1573,Lexus,Lexus LS,Lexus,LS,120,2010;2011;2013;2014;2015,2010,2015,0,,120,0,0,0,3,17,10,17,48,25
483,159,1575,Lexus,Lexus LX,Lexus,LX,119,2005;2007;2009;2012;2013;2014,2005,2014,0,,119,0,0,0,0,11,7,23,55,23
484,159,1586,Lexus,Lexus NX,Lexus,NX,120,2014;2015,2014,2015,0,,120,0,0,0,0,18,10,20,36,36
485,159,1576,Lexus,Lexus RC,Lexus,RC,120,2014;2015,2014,2015,0,,120,0,0,0,1,12,13,21,52,21
486,159,1577,Lexus,Lexus RX,Lexus,RX,124,2007;2010;2011;2012;2013;2014,2007,2014,0,,124,0,0,0,0,24,18,22,30,30
487,101,821,Lincoln,Lincoln MKC,Lincoln,MKC,119,2013;2014,2013,2014,0,,119,0,0,0,2,8,13,21,40,35
488,101,816,Lincoln,Lincoln MKS,Lincoln,MKS,120,2010;2011;2013,2010,2013,0,,120,0,0,0,2,15,6,29,51,17
489,101,817,Lincoln,Lincoln MKT,Lincoln,MKT,120,2010;2011;2013,2010,2013,0,,120,0,0,0,0,17,8,24,47,24
490,101,818,Lincoln,Lincoln MKX,Lincoln,MKX,120,2009;2010;2011;2013;2014;2016,2009,2016,0,,120,0,0,0,2,16,8,29,42,23
491,101,819,Lincoln,Lincoln MKZ,Lincoln,MKZ,120,2007;2010;2011;2013;2014,2007,2014,0,,120,0,0,0,1,17,12,22,44,24
492,101,820,Lincoln,Navigator,Lincoln,Navigator,119,2010;2011;2013;2014;2015,2010,2015,0,,119,0,0,0,0,10,6,21,60,22
493,141,1820,Lotus,Elise,Lotus,Elise,120,2011;2012;2014;2015,2011,2015,0,,120,0,0,0,0,14,10,16,47,33
494,141,1825,Lotus,Evora,Lotus,Evora,120,2011;2012;2013;2015,2011,2015,0,,120,0,0,0,4,12,8,12,53,31
495,141,1821,Lotus,Exige,Lotus,Exige,120,2011;2012;2013;2014,2011,2014,0,,120,0,0,0,3,9,9,15,47,37
496,133,1604,Lotus,Lotus L5,Lotus,L5,115,2011;2012;2013;2014,2011,2014,0,,115,0,0,0,0,19,13,17,43,23
497,117,1173,Maserati,Alfieri,Maserati,Alfieri,82,2014,2014,2014,0,,82,0,0,0,2,7,5,22,28,18
498,117,1168,Maserati,Ghibli,Maserati,Ghibli,120,2013;2014;2015,2013,2015,0,,120,0,0,0,0,16,10,18,52,24
499,117,1170,Maserati,GranCabrio,Maserati,GranCabrio,120,2010;2012;2013;2014;2015,2010,2015,0,,120,0,0,0,0,15,8,21,53,23
500,117,1174,Maserati,Maserati GT,Maserati,GT,116,2008;2009;2011;2012;2013;2014;2015,2008,2015,0,,116,0,0,0,2,18,7,20,47,22
501,117,1169,Maserati,Quattroporte,Maserati,Quattroporte,120,2009;2011;2013;2014;2015,2009,2015,0,,120,0,0,0,1,22,12,16,47,22
502,144,1638,Maybach,Maybach,Maybach,,63,2007;2010;2011,2007,2011,0,,63,0,0,0,0,11,1,12,30,9
503,162,1631,MAZDA,Mazda 2,Mazda,2,117,2011;2012;2015,2011,2015,0,,117,0,0,0,0,13,15,17,47,25
504,162,1633,MAZDA,Mazda 3,Mazda,3,120,2010;2012,2010,2012,0,,120,0,0,0,0,19,18,18,38,27
505,162,1620,MAZDA,Mazda 3 abroad version,Mazda,3 abroad version,120,2010;2012;2013;2014,2010,2014,0,,120,0,0,0,0,21,7,14,51,27
506,162,1634,MAZDA,Mazda 3 Xingcheng hatchback,Mazda,3 Xingcheng hatchback,100,2011;2012;2013;2015,2011,2015,0,,100,0,0,0,0,13,13,22,27,25
507,162,1635,MAZDA,Mazda 3 Xingcheng sedan,Mazda,3 Xingcheng sedan,66,2011;2013;2015,2011,2015,0,,66,0,0,0,0,8,10,16,17,15
508,162,1629,MAZDA,Mazda 5,Mazda,5,120,2010;2011;2013,2010,2013,0,,120,0,0,0,0,12,9,25,44,30
509,162,1614,MAZDA,Mazda 6,Mazda,6,118,2007;2011;2012;2013;2014;2015,2007,2015,0,,118,0,0,0,0,15,13,21,45,24
510,162,1610,MAZDA,Mazda 8,Mazda,8,117,2011;2013;2015,2011,2015,0,,117,0,0,0,0,17,12,19,45,24
511,162,1609,MAZDA,Atenza,Mazda,Atenza,119,2014,2014,2014,0,,119,0,0,0,0,22,11,21,42,23
512,162,1615,MAZDA,ATENZA,Mazda,ATENZA,120,2013;2015,2013,2015,0,,120,0,0,0,0,13,5,10,59,33
513,162,1630,MAZDA,Axela hatchback,Mazda,Axela hatchback,69,2014,2014,2014,0,,69,0,0,0,0,10,9,15,18,17
514,162,1637,MAZDA,Axela sedan,Mazda,Axela sedan,126,2014,2014,2014,0,,126,0,0,0,0,19,16,24,37,30
515,162,1636,MAZDA,Mazda CX-5,Mazda,CX-5,120,2012;2013;2014,2012,2014,0,,120,0,0,0,0,23,15,19,38,25
516,162,1618,MAZDA,Mazda CX-9,Mazda,CX-9,120,2007;2009;2012;2013,2007,2013,0,,120,0,0,0,0,12,11,17,52,28
517,162,1611,MAZDA,Mazda CX7,Mazda,CX7,120,2010;2011;2014,2010,2014,0,,120,0,0,0,0,20,10,20,41,29
518,162,1628,MAZDA,Hazumi,Mazda,Hazumi,61,2014,2014,2014,0,,61,0,0,0,0,6,5,15,18,17
519,162,1619,MAZDA,Mazda MX-5,Mazda,MX-5,119,2009;2012;2013;2014;2015,2009,2015,0,,119,0,0,0,0,16,6,24,43,30
520,162,1612,MAZDA,Ruiyi,Mazda,Ruiyi,120,2009;2010;2011;2012,2009,2012,0,,120,0,0,0,0,20,16,19,33,32
521,162,1613,MAZDA,Ruiyi coupe,Mazda,Ruiyi coupe,147,2010;2011;2012,2010,2012,0,,147,0,0,0,0,23,14,29,54,27
522,162,1622,MAZDA,Takeri,Mazda,Takeri,70,2011;2012,2011,2012,0,,70,0,0,0,0,7,2,10,34,17
523,143,1837,McLaren,McLaren 12C,McLaren,12C,120,2011;2012;2013;2014,2011,2014,0,,120,0,0,0,2,15,10,19,52,22
524,143,1841,McLaren,McLaren 650S,McLaren,650S,120,2014;2015,2014,2015,0,,120,0,0,0,2,19,10,17,49,23
525,143,1838,McLaren,McLaren P1,McLaren,P1,120,2012;2014;2015,2012,2015,0,,120,0,0,0,3,9,18,15,44,31
526,77,147,Benz,Benz A Class,Mercedes-Benz,A Class,119,2011;2013;2015,2011,2015,0,,119,0,0,0,0,19,11,17,46,26
527,77,128,Benz,Benz A Class AMG,Mercedes-Benz,A Class AMG,103,2014,2014,2014,0,,103,0,0,0,0,13,15,15,34,26
528,77,142,Benz,AMG GT,Mercedes-Benz,AMG GT,119,2015;2016,2015,2016,0,,119,0,0,0,0,14,15,30,42,18
529,77,182,Benz,Benz B Class,Mercedes-Benz,B Class,120,2012;2013;2015,2012,2015,0,,120,0,0,0,0,19,9,34,37,21
530,77,124,Benz,Benz C Class,Mercedes-Benz,C Class,136,2011;2013;2014;2015,2011,2015,0,,136,0,0,0,0,21,16,25,46,28
531,77,130,Benz,Benz C Class AMG,Mercedes-Benz,C Class AMG,120,2009;2010;2012;2014;2015,2009,2015,0,,120,0,0,0,0,19,15,16,45,25
532,77,152,Benz,Benz C Class estate,Mercedes-Benz,C Class estate,128,2010;2011;2014,2010,2014,0,,128,0,0,0,0,15,11,28,45,29
533,77,139,Benz,Benz CL Class AMG,Mercedes-Benz,CL Class AMG,77,2011;2013,2011,2013,0,,77,0,0,0,1,7,5,6,44,14
534,77,148,Benz,Benz CLA Class,Mercedes-Benz,CLA Class,120,2013;2014;2015,2013,2015,0,,120,0,0,0,0,12,7,24,57,20
535,77,143,Benz,Benz CLA Class AMG,Mercedes-Benz,CLA Class AMG,120,2013;2014;2015,2013,2015,0,,120,0,0,0,1,9,11,19,49,31
536,77,149,Benz,Benz CLS Class,Mercedes-Benz,CLS Class,120,2012;2013;2014;2015,2012,2015,0,,120,0,0,0,0,14,11,32,39,24
537,77,129,Benz,Benz CLS Class AMG,Mercedes-Benz,CLS Class AMG,120,2009;2012;2014;2015,2009,2015,0,,120,0,0,0,5,13,14,24,39,25
538,77,181,Benz,Coupe SUV,Mercedes-Benz,Coupe SUV,78,2014,2014,2014,0,,78,0,0,0,0,12,7,22,19,18
539,77,127,Benz,Benz E Class,Mercedes-Benz,E Class,272,2009;2010;2011;2012;2013;2014;2015,2009,2015,30,,272,0,0,0,0,48,33,51,84,56
540,77,138,Benz,Benz E Class AMG,Mercedes-Benz,E Class AMG,120,2012;2014,2012,2014,0,,120,0,0,0,2,6,7,19,55,31
541,77,153,Benz,Benz E Class convertible,Mercedes-Benz,E Class convertible,133,2010;2011;2012;2013;2014,2010,2014,0,,133,0,0,0,0,11,12,24,57,29
542,77,154,Benz,Benz E Class couple,Mercedes-Benz,E Class couple,200,2009;2010;2011;2012;2014,2009,2014,0,,200,0,0,0,0,26,27,29,61,57
543,77,170,Benz,Benz F800,Mercedes-Benz,F800,76,2010,2010,2010,0,,76,0,0,0,9,8,6,24,23,6
544,77,157,Benz,Benz G Class,Mercedes-Benz,G Class,119,2010;2013;2014;2015,2010,2015,0,,119,0,0,0,1,23,11,18,45,21
545,77,132,Benz,Benz G Class AMG,Mercedes-Benz,G Class AMG,120,2009;2010;2013;2014,2009,2014,0,,120,0,0,0,0,17,11,16,58,18
546,77,156,Benz,Benz GL Class,Mercedes-Benz,GL Class,120,2011;2012;2013;2014,2011,2014,0,,120,0,0,0,0,15,15,18,42,30
547,77,131,Benz,Benz GL Class AMG,Mercedes-Benz,GL Class AMG,112,2013;2014,2013,2014,0,,112,0,0,0,0,14,12,16,54,16
548,77,175,Benz,Benz GLA Class,Mercedes-Benz,GLA Class,167,2013;2014;2015,2013,2015,0,,167,0,0,0,1,24,17,33,56,36
549,77,140,Benz,Benz GLA Class AMG,Mercedes-Benz,GLA Class AMG,130,2014;2015,2014,2015,0,,130,0,0,0,0,10,10,22,52,36
550,77,126,Benz,Benz GLK Class,Mercedes-Benz,GLK Class,166,2008;2010;2011;2012;2013;2014,2008,2014,0,,166,0,0,0,1,27,19,29,50,40
551,77,158,Benz,Benz M Class,Mercedes-Benz,M Class,120,2010;2012;2013;2014,2010,2014,0,,120,0,0,0,0,25,13,18,39,25
552,77,133,Benz,Benz M Class AMG,Mercedes-Benz,M Class AMG,120,2007;2011;2012;2014;2015,2007,2015,0,,120,0,0,0,0,21,13,19,40,27
553,77,159,Benz,Benz R Class,Mercedes-Benz,R Class,119,2006;2010;2011;2014,2006,2014,0,,119,0,0,0,0,16,12,22,36,33
554,77,162,Benz,Benz S Class,Mercedes-Benz,S Class,120,2010;2011;2012;2014;2015,2010,2015,0,,120,0,0,0,0,18,15,24,35,28
555,77,137,Benz,Benz S Class AMG,Mercedes-Benz,S Class AMG,120,2010;2013;2014;2015,2010,2015,0,,120,0,0,0,0,13,11,25,46,25
556,77,163,Benz,Benz S Class hybird,Mercedes-Benz,S Class hybird,79,2009;2010;2014,2009,2014,0,,79,0,0,0,0,8,10,20,24,17
557,77,161,Benz,Benz SL Class,Mercedes-Benz,SL Class,120,2010;2011;2013;2015,2010,2015,0,,120,0,0,0,0,11,10,26,51,22
558,77,136,Benz,Benz SL Class AMG,Mercedes-Benz,SL Class AMG,120,2009;2013;2014,2009,2014,0,,120,0,0,0,0,15,9,23,43,30
559,77,160,Benz,Benz SLK Class,Mercedes-Benz,SLK Class,120,2009;2010;2011;2012;2015,2009,2015,0,,120,0,0,0,1,17,16,23,35,28
560,77,134,Benz,Benz SLK Class AMG,Mercedes-Benz,SLK Class AMG,117,2009;2010;2012;2014,2009,2014,0,,117,0,0,0,2,15,11,24,42,23
561,77,135,Benz,Benz SLS Class AMG,Mercedes-Benz,SLS Class AMG,120,2011;2012;2013;2014,2011,2014,0,,120,0,0,0,9,14,5,23,55,14
562,77,144,Benz,Sprinter,Mercedes-Benz,Sprinter,118,2010;2012;2013;2014,2010,2014,0,,118,0,0,0,0,16,13,22,36,31
563,77,164,Benz,Sprinter abroad version,Mercedes-Benz,Sprinter abroad version,64,2009;2011;2013;2014;2015,2009,2015,0,,64,0,0,0,0,9,5,10,30,10
564,77,184,Benz,Benz V Class,Mercedes-Benz,V Class,94,2014;2015,2014,2015,0,,94,0,0,0,3,9,5,16,41,20
565,77,146,Benz,Wei Ting,Mercedes-Benz,Wei Ting,119,2010;2011;2013;2014,2010,2014,0,,119,0,0,0,0,14,11,15,54,25
566,77,145,Benz,Wei Yanuo,Mercedes-Benz,Wei Yanuo,120,2010;2011;2012;2013;2014,2010,2014,0,,120,0,0,0,0,18,14,24,40,24
567,14,1836,MG,MG3,MG,3,120,2011;2013;2014,2011,2014,0,,120,0,0,0,0,20,17,23,32,28
568,14,1827,MG,MG3 SW,MG,3 SW,107,2008;2009,2008,2009,0,,107,0,0,0,1,12,12,19,44,19
569,14,1829,MG,MG5,MG,5,120,2012;2014,2012,2014,0,,120,0,0,0,0,15,15,24,45,21
570,14,1831,MG,MG6 hatchback,MG,6 hatchback,84,2010;2012;2013;2014,2010,2014,0,,84,0,0,0,0,17,11,19,19,18
571,14,1832,MG,MG7,MG,7,116,2007;2008;2009;2010,2007,2010,0,,116,0,0,0,0,18,10,18,48,22
572,15,827,MINI,MINI,MINI,,142,2009;2011;2012;2013;2014;2015,2009,2015,0,,142,0,0,0,0,19,16,40,38,29
573,15,839,MINI,MINI CABRIO,MINI,CABRIO,120,2011;2012,2011,2012,0,,120,0,0,0,2,9,8,30,44,27
574,15,828,MINI,MINI CLUBMAN,MINI,CLUBMAN,132,2008;2009;2011;2013;2014,2008,2014,0,,132,0,0,0,2,23,17,21,36,33
575,15,835,MINI,MINI CLUBVAN,MINI,CLUBVAN,120,2012;2013,2012,2013,0,,120,0,0,0,0,6,4,22,58,30
576,15,829,MINI,MINI COUNTRYMAN,MINI,COUNTRYMAN,120,2011;2012;2013;2014;2015,2011,2015,0,,120,0,0,0,0,13,12,28,37,30
577,15,830,MINI,MINI COUPE,MINI,COUPE,120,2009;2012,2009,2012,0,,120,0,0,0,0,16,12,20,43,29
578,15,840,MINI,MINI JCW,MINI,JCW,120,2013;2014;2015,2013,2015,0,,120,0,0,0,1,12,12,19,44,32
579,15,841,MINI,MINI JCW COUNTRYMAN,MINI,JCW COUNTRYMAN,120,2013;2014,2013,2014,0,,120,0,0,0,6,19,10,22,34,29
580,15,842,MINI,MINI JCW COUPE,MINI,JCW COUPE,89,2013,2013,2013,0,,89,0,0,0,0,7,8,14,38,22
581,15,843,MINI,MINI JCW PACEMAN,MINI,JCW PACEMAN,120,2013;2014,2013,2014,0,,120,0,0,0,5,9,7,27,49,23
582,15,831,MINI,MINI PACEMAN,MINI,PACEMAN,120,2013;2014;2015,2013,2015,0,,120,0,0,0,0,7,8,20,51,34
583,15,832,MINI,MINI ROADSTER,MINI,ROADSTER,120,2012,2012,2012,0,,120,0,0,0,2,8,9,30,45,26
584,15,838,MINI,MINI Superleggera,MINI,Superleggera,60,2014,2014,2014,0,,60,0,0,0,6,5,6,10,18,15
585,28,1864,Mitsubishi,ASX,Mitsubishi,ASX,120,2013;2014;2015,2013,2015,0,,120,0,0,0,0,22,14,16,44,24
586,28,1874,Mitsubishi,ASX abroad version,Mitsubishi,ASX abroad version,120,2010;2011;2012;2013;2015,2010,2015,0,,120,0,0,0,0,15,7,15,47,36
587,28,1873,Mitsubishi,Mitsubishi Colt,Mitsubishi,Colt,75,2005;2009,2005,2009,0,,75,0,0,0,0,4,0,9,49,13
588,28,1871,Mitsubishi,Evo,Mitsubishi,Evo,82,2006;2008;2012,2006,2012,0,,82,0,0,0,0,12,10,12,29,19
589,28,1886,Mitsubishi,Mitsubishi Fortis,Mitsubishi,Fortis,110,2013,2013,2013,0,,110,0,0,0,0,17,16,18,36,23
590,28,1891,Mitsubishi,Mitsubishi Galant,Mitsubishi,Galant,117,2007;2009;2012,2007,2012,0,,117,0,0,0,1,16,11,17,50,22
591,28,1867,Mitsubishi,Grandis,Mitsubishi,Grandis,95,2004;2006;2007;2008;2009;2010,2004,2010,0,,95,0,0,0,0,19,11,12,31,22
592,28,1872,Mitsubishi,Mitsubishi i,Mitsubishi,i,120,2008;2011;2012,2008,2012,0,,120,0,0,0,4,14,4,17,59,22
593,28,1888,Mitsubishi,Mitsubishi Lancer,Mitsubishi,Lancer,119,2006;2007;2008;2010;2012;2015,2006,2015,0,,119,0,0,0,0,18,13,14,42,32
594,28,1889,Mitsubishi,Mitsubishi Lancer EX,Mitsubishi,Lancer EX,120,2010;2011;2012;2013;2014;2015,2010,2015,0,,120,0,0,0,0,23,18,21,34,24
595,28,1876,Mitsubishi,Mirage,Mitsubishi,Mirage,57,2012;2014,2012,2014,0,,57,0,0,0,0,6,4,9,25,13
596,28,1885,Mitsubishi,Outlander abroad version,Mitsubishi,Outlander abroad version,122,2010;2011;2012;2013;2014,2010,2014,0,,122,0,0,0,0,21,17,20,37,27
597,28,1866,Mitsubishi,Pajero,Mitsubishi,Pajero,157,2008;2010;2011;2012;2014;2015,2008,2015,0,,157,0,0,0,0,23,10,21,74,29
598,28,1865,Mitsubishi,Pajero Sport,Mitsubishi,Pajero Sport,120,2011;2013;2014,2011,2014,0,,120,0,0,0,0,18,13,24,42,23
599,28,1882,Mitsubishi,Mitsubishi XR-PHEV,Mitsubishi,XR-PHEV,107,2013;2014;2015,2013,2015,0,,106,0,0,1,1,14,5,24,32,30
600,28,1887,Mitsubishi,Mitsubishi Zinger,Mitsubishi,Zinger,120,2008;2009;2011,2008,2011,0,,120,0,0,0,0,20,12,19,42,27
601,93,846,Morgan,Morgan Plus 8,Morgan,Plus 8,70,2013,2013,2013,0,,70,0,0,0,1,8,8,12,22,19
602,97,871,Nissan,Nissan 370Z,Nissan,370Z,120,2009;2013;2014;2015,2009,2015,0,,120,0,0,0,0,17,12,21,50,20
603,97,909,Nissan,Altima,Nissan,Altima,120,2005;2010;2012;2013;2015,2005,2015,0,,120,0,0,0,0,10,9,18,52,31
604,97,870,Nissan,Bilian,Nissan,Bilian,74,2010;2011;2013,2010,2013,0,,74,0,0,0,0,9,7,16,26,16
605,97,875,Nissan,Nissan Cube,Nissan,Cube,73,2009;2013,2009,2013,30,,73,0,0,0,0,7,5,13,32,16
606,97,872,Nissan,Nissan GT-R,Nissan,GT-R,128,2009;2010;2012;2013;2014;2015,2009,2015,0,,128,0,0,0,0,12,10,18,48,40
607,97,906,Nissan,IDX,Nissan,IDX,72,2014,2014,2014,0,,72,0,0,0,1,7,2,19,28,15
608,97,873,Nissan,Nissan Juke,Nissan,Juke,120,2011;2012;2013;2014;2015,2011,2015,0,,120,0,0,0,0,15,7,23,59,16
609,97,907,Nissan,Lannia Concept,Nissan,Lannia Concept,94,2014,2014,2014,0,,94,0,0,0,0,10,1,21,38,24
610,97,877,Nissan,Leaf,Nissan,Leaf,114,2011;2012;2013;2014,2011,2014,0,,114,0,0,0,0,5,4,25,56,24
611,97,860,Nissan,Livina,Nissan,Livina,117,2010;2013,2010,2013,0,,117,0,0,0,0,19,15,19,38,26
612,97,864,Nissan,Ma Chi,Nissan,Ma Chi,119,2010;2011;2014;2015,2010,2015,0,,119,0,0,0,0,20,12,21,43,23
613,97,852,Nissan,Murano,Nissan,Murano,120,2011;2013;2014,2011,2014,0,,120,0,0,0,0,14,12,23,46,25
614,97,908,Nissan,Navara,Nissan,Navara,86,2014;2015,2014,2015,0,,86,0,0,0,0,3,0,20,45,18
615,97,868,Nissan,Nissan NV200,Nissan,NV200,119,2010;2011;2013;2014,2010,2014,0,,119,0,0,0,0,18,11,24,45,21
616,97,865,Nissan,Paladin,Nissan,Paladin,118,2004;2006;2013,2004,2013,0,,118,0,0,0,0,18,13,17,44,26
617,97,879,Nissan,Pathfinder,Nissan,Pathfinder,120,2005;2010;2012;2013,2005,2013,0,,120,0,0,0,0,16,8,11,58,27
618,97,874,Nissan,Patrol,Nissan,Patrol,120,2004;2012;2013;2014,2004,2014,0,,120,0,0,0,0,14,12,17,51,26
619,97,903,Nissan,Pulsar,Nissan,Pulsar,120,2014;2015,2014,2015,0,,120,0,0,0,0,10,7,24,62,17
620,97,859,Nissan,Qashqai,Nissan,Qashqai,145,2010;2011;2012;2013;2014,2010,2014,0,,145,0,0,0,0,17,14,28,52,34
621,97,905,Nissan,Quest,Nissan,Quest,120,2005;2006;2011;2012;2013;2015,2005,2015,0,,120,0,0,0,0,17,14,20,41,28
622,97,899,Nissan,Rogue,Nissan,Rogue,53,2011;2014,2011,2014,0,,53,0,0,0,0,3,2,5,29,14
623,97,892,Nissan,Sentra,Nissan,Sentra,92,2013,2013,2013,0,,92,0,0,0,0,10,2,14,40,26
624,97,902,Nissan,Sports Sedan,Nissan,Sports Sedan,56,2014,2014,2014,0,,56,0,0,0,0,5,4,8,27,12
625,97,857,Nissan,Sunshine,Nissan,Sunshine,120,2011;2014,2011,2014,0,,120,0,0,0,0,20,17,19,31,33
626,97,856,Nissan,Sylphy,Nissan,Sylphy,113,2006;2009;2010;2012,2006,2012,0,,113,0,0,0,0,20,15,19,30,29
627,97,854,Nissan,Teana,Nissan,Teana,153,2008;2010;2011;2012;2013;2014,2008,2014,0,,153,0,0,0,0,30,19,32,42,30
628,97,861,Nissan,Tiida,Nissan,Tiida,120,2011;2012;2013;2014,2011,2014,0,,120,0,0,0,2,18,16,14,43,27
629,97,894,Nissan,Titan,Nissan,Titan,90,2012;2013;2015;2016,2012,2016,0,,90,0,0,0,0,5,3,15,46,21
630,97,883,Nissan,Versa,Nissan,Versa,120,2010;2012;2014;2015,2010,2015,0,,120,0,0,0,8,10,8,23,42,29
631,97,853,Nissan,X-Trail,Nissan,X-Trail,119,2008;2010;2012;2014,2008,2014,0,,119,0,0,0,0,21,16,24,30,28
632,97,858,Nissan,Yida,Nissan,Yida,104,2005;2006;2008;2009,2005,2009,0,,104,0,0,0,0,14,12,12,45,21
633,103,1851,Opel,Opel Adam,Opel,Adam,120,2013;2014;2015,2013,2015,0,,120,0,0,0,1,6,5,3,78,27
634,103,1842,Opel,Antara,Opel,Antara,120,2009;2011;2012;2013,2009,2013,0,,120,0,0,0,1,17,13,15,50,24
635,103,1852,Opel,Opel Cascada,Opel,Cascada,120,2013,2013,2013,0,,120,0,0,0,0,2,1,29,44,44
636,103,1849,Opel,Opel CORSA,Opel,CORSA,120,2008;2011;2015,2008,2015,0,,120,0,0,0,1,6,0,9,76,28
637,103,1845,Opel,GTC hatchback,Opel,GTC hatchback,72,2004;2008;2010;2012;2013;2014,2004,2014,0,,72,0,0,0,0,5,4,12,35,16
638,103,1847,Opel,Insignia,Opel,Insignia,120,2013;2014,2013,2014,0,,120,0,0,0,0,9,7,11,61,32
639,103,1856,Opel,Meriva,Opel,Meriva,119,2006;2013;2014,2006,2014,0,,119,0,0,0,0,3,3,16,68,29
640,103,1854,Opel,Opel Mokka,Opel,Mokka,120,2013,2013,2013,0,,120,0,0,0,0,5,1,9,88,17
641,103,1843,Opel,Zafira,Opel,Zafira,120,2013,2013,2013,0,,120,0,0,0,0,13,10,21,45,31
642,86,1315,Pagani,Huayra,Pagani,Huayra,120,2011;2012;2013;2015,2011,2015,0,,120,0,0,0,1,26,10,21,43,19
643,86,1314,Pagani,Zonda,Pagani,Zonda,120,2004;2005;2006;2008;2011;2013,2004,2013,16,,120,0,0,0,6,17,13,20,44,20
644,102,271,Peugeot,Peugeot 107,Peugeot,107,67,2009;2013,2009,2013,0,,67,0,0,0,0,0,0,4,43,20
645,102,291,Peugeot,Peugeot 108,Peugeot,108,101,2015,2015,2015,0,,101,0,0,0,3,3,1,19,44,31
646,102,254,Peugeot,Peugeot 2008,Peugeot,2008,120,2013;2014,2013,2014,0,,120,0,0,0,1,17,13,23,33,33
647,102,255,Peugeot,Peugeot 207 hatchback,Peugeot,207 hatchback,134,2009;2010;2011,2009,2011,0,,134,0,0,0,0,33,17,18,44,22
648,102,256,Peugeot,Peugeot 207 sedan,Peugeot,207 sedan,140,2008;2009;2010;2011,2008,2011,0,,140,0,0,0,0,27,19,21,39,34
649,102,266,Peugeot,Peugeot 207CC,Peugeot,207CC,113,2008;2011;2012;2013,2008,2013,0,,113,0,0,0,0,16,11,21,38,27
650,102,273,Peugeot,Peugeot 208,Peugeot,208,120,2012;2013;2014;2015;2016,2012,2016,0,,120,0,0,0,0,9,3,14,61,33
651,102,257,Peugeot,Peugeot 3008,Peugeot,3008,119,2011;2013;2014;2015,2011,2015,0,,119,0,0,0,0,15,18,20,38,28
652,102,258,Peugeot,Peugeot 301,Peugeot,301,120,2013;2014,2013,2014,0,,120,0,0,0,0,21,13,23,39,24
653,102,259,Peugeot,Peugeot 307 hatchback,Peugeot,307 hatchback,195,2010;2012;2013,2010,2013,0,,195,0,0,0,0,31,22,35,61,46
654,102,260,Peugeot,Peugeot 307 sedan,Peugeot,307 sedan,81,2008;2009;2010,2008,2010,0,,81,0,0,0,0,14,11,10,25,21
655,102,261,Peugeot,Peugeot 308,Peugeot,308,106,2012;2013;2014,2012,2014,0,,106,0,0,0,0,15,16,22,28,25
656,102,280,Peugeot,Peugeot 308 abroad version,Peugeot,308 abroad version,120,2012;2013;2014,2012,2014,0,,120,0,0,0,0,14,11,11,50,34
657,102,293,Peugeot,Peugeot 308CC,Peugeot,308CC,170,2009;2010;2012;2013,2009,2013,0,,170,0,0,0,0,27,17,37,50,39
658,102,267,Peugeot,Peugeot 308SW,Peugeot,308SW,99,2009;2010;2012;2013;2014,2009,2014,0,,99,0,0,0,0,14,9,23,31,22
659,102,268,Peugeot,Peugeot 4008,Peugeot,4008,120,2012;2013,2012,2013,0,,120,0,0,0,0,20,11,18,44,27
660,102,262,Peugeot,Peugeot 408,Peugeot,408,128,2010;2011;2012;2013;2014,2010,2014,0,,128,0,0,0,0,23,22,27,29,27
661,102,282,Peugeot,Peugeot 5008,Peugeot,5008,66,2010;2014,2010,2014,0,,66,0,0,0,0,1,1,9,34,21
662,102,263,Peugeot,Peugeot 508,Peugeot,508,120,2011;2012;2013;2014;2015,2011,2015,0,,120,0,0,0,0,15,15,23,37,30
663,102,272,Peugeot,Peugeot 508 abroad version,Peugeot,508 abroad version,120,2011;2012;2013;2015,2011,2015,0,,120,0,0,0,0,16,1,19,51,33
664,102,265,Peugeot,CROSS 307,Peugeot,CROSS 307,115,2004;2006;2007;2008;2012;2013,2004,2013,0,,115,0,0,0,0,18,18,12,45,22
665,102,269,Peugeot,Peugeot RCZ,Peugeot,RCZ,120,2011;2012;2013;2014;2015,2011,2015,0,,120,0,0,0,1,10,10,23,48,28
666,48,319,Porsche,Porsche 911,Porsche,911,132,2010;2011;2012;2013;2014,2010,2014,0,,132,0,0,0,1,15,16,28,41,31
667,48,320,Porsche,Porsche 918,Porsche,918,120,2011;2012;2014;2015,2011,2015,0,,120,0,0,0,4,10,6,23,48,29
668,48,325,Porsche,Porsche 919,Porsche,919,60,2014,2014,2014,0,,60,0,0,0,7,13,4,12,17,7
669,48,315,Porsche,Boxster,Porsche,Boxster,120,2009;2013;2014,2009,2014,0,,120,0,0,0,0,12,11,33,38,26
670,48,321,Porsche,Canyenne,Porsche,Canyenne,120,2011;2013;2014;2015,2011,2015,0,,120,0,0,0,0,14,9,20,40,37
671,48,323,Porsche,Carrera GT,Porsche,Carrera GT,68,2004,2004,2004,0,,68,0,0,0,0,7,4,6,27,24
672,48,326,Porsche,Cayman,Porsche,Cayman,120,2009;2012;2013;2014;2016,2009,2016,0,,120,0,0,0,0,16,11,30,30,33
673,48,316,Porsche,Macan,Porsche,Macan,120,2014,2014,2014,0,,120,0,0,0,1,13,9,18,43,36
674,48,317,Porsche,Panamera,Porsche,Panamera,120,2009;2010;2012;2013;2014;2015,2009,2015,0,,120,0,0,0,1,19,16,29,28,27
675,160,793,Renault,Cleo,Renault,Cleo,91,2009;2010;2013;2014,2009,2014,0,,91,0,0,0,5,11,5,14,30,26
676,160,787,Renault,Koleos,Renault,Koleos,130,2009;2010;2012;2013;2014,2009,2014,0,,130,0,0,0,0,21,21,28,30,30
677,160,788,Renault,Laguna,Renault,Laguna,120,2008;2009;2011;2012,2008,2012,0,,120,0,0,0,0,16,14,19,43,28
678,160,792,Renault,Latitude,Renault,Latitude,120,2011;2013,2011,2013,0,,120,0,0,0,2,22,12,14,46,24
679,160,790,Renault,Megan Aa,Renault,Megan Aa,120,2011;2014;2015,2011,2015,0,,120,0,0,0,11,4,2,10,65,28
680,160,802,Renault,Reno Alpine,Renault,Reno Alpine,105,2012;2013;2015,2012,2015,0,,105,0,0,0,6,17,10,15,47,10
681,160,795,Renault,Reno Captur,Renault,Reno Captur,120,2011;2014,2011,2014,0,,120,0,0,0,5,7,4,25,46,33
682,160,799,Renault,Reno Symbol,Renault,Reno Symbol,56,2009;2013,2009,2013,0,,56,0,0,0,0,0,0,10,26,20
683,160,803,Renault,Reno Twin-Run,Renault,Reno Twin-Run,51,2013,2013,2013,0,,51,0,0,0,4,3,0,9,23,12
684,160,801,Renault,Reno Twingo,Renault,Reno Twingo,120,2012;2013;2014;2015,2012,2015,0,,120,0,0,0,9,8,2,21,65,15
685,160,798,Renault,Reno Twizy,Renault,Reno Twizy,61,2013;2015,2013,2015,0,,61,0,0,0,0,8,7,11,22,13
686,160,794,Renault,Reno Wind,Renault,Reno Wind,72,2011,2011,2011,0,,72,0,0,0,0,3,3,18,32,16
687,160,797,Renault,Reno ZOE,Renault,Reno ZOE,112,2013,2013,2013,0,,112,0,0,0,0,9,8,19,49,27
688,160,807,Renault,Scenic,Renault,Scenic,120,2004;2011;2012;2013,2004,2013,0,,120,0,0,0,1,15,13,12,49,30
689,160,791,Renault,Tower Siman,Renault,Tower Siman,120,2012;2013,2012,2013,0,,120,0,0,0,0,18,12,24,39,27
690,160,786,Renault,Wind Lang,Renault,Wind Lang,119,2011;2013;2015,2011,2015,0,,119,0,0,0,0,15,13,19,51,21
691,57,1606,Rolls-Royce,Ghost,Rolls-Royce,Ghost,120,2010;2012;2013;2014;2015,2010,2015,0,,120,0,0,0,0,21,14,21,38,26
692,57,1608,Rolls-Royce,Phantom,Rolls-Royce,Phantom,120,2011;2012;2013;2014;2015,2011,2015,0,,120,0,0,0,1,18,6,23,48,24
693,57,1607,Rolls-Royce,Wraith,Rolls-Royce,Wraith,145,2013;2014;2015,2013,2015,0,,145,0,0,0,0,16,14,21,58,36
694,135,945,Saab,SAAB 95,Saab,95,93,2010;2011;2012,2010,2012,0,,93,0,0,0,0,7,4,8,41,33
695,128,1892,SAAB,SAAB D50,Saab,D50,119,2012;2014,2012,2014,0,,119,0,0,0,0,16,13,20,41,29
696,128,1894,SAAB,SAAB D60,Saab,D60,105,2012;2014;2015,2012,2015,0,,105,0,0,0,1,16,13,17,34,24
697,128,1893,SAAB,SAAB D70,Saab,D70,120,2013,2013,2013,0,,120,0,0,0,0,24,15,16,38,27
698,21,1307,Scion,Scion FR-S,Scion,FR-S,82,2013,2013,2013,0,,82,0,0,0,0,10,4,22,30,16
699,21,1303,Scion,Scion iQ,Scion,iQ,75,2010;2012;2013,2010,2013,0,,75,0,0,0,1,11,7,14,28,14
700,21,1302,Scion,Scion tC,Scion,tC,65,2011;2013;2014,2011,2014,0,,65,0,0,0,1,7,7,16,18,16
701,21,1304,Scion,Scion xB,Scion,xB,62,2008;2012;2014,2008,2014,0,,62,0,0,0,2,4,4,21,23,8
702,21,1306,Scion,Scion xD,Scion,xD,56,2008,2008,2008,0,,56,0,0,0,0,3,1,11,23,18
703,137,1728,Seat,Alhambra,Seat,Alhambra,120,2011;2012;2013,2011,2013,0,,120,0,0,0,0,6,3,20,57,34
704,137,1733,Seat,Seat ALTEA,Seat,ALTEA,90,2009;2011,2009,2011,0,,90,0,0,0,0,3,3,4,51,29
705,137,1734,Seat,Seat EXEO,Seat,EXEO,120,2009;2010,2009,2010,0,,120,0,0,0,0,7,7,11,41,54
706,137,1737,Seat,Seat IBE,Seat,IBE,61,2010;2012,2010,2012,0,,61,0,0,0,1,5,6,11,26,12
707,137,1731,Seat,Ibiza,Seat,Ibiza,120,2009;2011;2012;2013;2014,2009,2014,0,,120,0,0,0,0,9,9,20,59,23
708,137,1730,Seat,Seat LEON,Seat,LEON,120,2012;2013;2014;2015,2012,2015,0,,120,0,0,0,0,11,7,23,37,42
709,137,1736,Seat,Seat Mii,Seat,Mii,120,2013;2014,2013,2014,0,,120,0,0,0,0,9,7,14,52,38
710,95,920,Skoda,Citigo,Skoda,Citigo,74,2013,2013,2013,0,,74,0,0,0,1,3,3,9,38,20
711,95,910,Skoda,Fabia,Skoda,Fabia,127,2008;2011;2012;2013;2015,2008,2015,0,,127,0,0,0,0,24,17,25,34,27
712,95,915,Skoda,Haorui,Skoda,Haorui,119,2009;2010;2012;2013;2014,2009,2014,0,,119,0,0,0,0,24,15,23,34,23
713,95,911,Skoda,Octavia,Skoda,Octavia,161,2009;2010;2012;2013;2014;2015,2009,2015,0,,161,0,0,0,0,36,23,31,38,33
714,95,924,Skoda,Octavia abroad version,Skoda,Octavia abroad version,120,2013;2014;2015,2013,2015,0,,120,0,0,0,0,6,6,21,48,39
715,95,912,Skoda,Octavia RS,Skoda,Octavia RS,50,2010;2011;2014,2010,2014,0,,50,0,0,0,0,5,7,6,22,10
716,95,917,Skoda,Rapid,Skoda,Rapid,120,2013;2014;2015,2013,2015,0,,120,0,0,0,0,14,13,24,38,31
717,95,916,Skoda,Rapid Spaceback,Skoda,Rapid Spaceback,120,2014,2014,2014,0,,120,0,0,0,0,21,16,15,37,31
718,95,923,Skoda,Roomster,Skoda,Roomster,61,2006;2007;2011,2006,2011,0,,61,0,0,0,0,2,1,10,31,17
719,95,913,Skoda,Superb,Skoda,Superb,120,2013,2013,2013,0,,120,0,0,0,0,20,15,20,37,28
720,95,932,Skoda,Superb Derivative,Skoda,Superb Derivative,120,2013;2014,2013,2014,0,,120,0,0,0,1,12,11,23,45,28
721,95,914,Skoda,Yeti,Skoda,Yeti,119,2014,2014,2014,0,,119,0,0,0,0,21,18,20,35,25
722,95,919,Skoda,Yeti abroad version,Skoda,Yeti abroad version,119,2010;2013;2014;2015,2010,2015,0,,119,0,0,0,0,10,6,14,62,27
723,26,1696,smart,smart forfour,smart,forfour,83,2015,2015,2015,0,,83,0,0,0,5,5,3,29,33,8
724,26,1694,smart,smart forjeremy,smart,forjeremy,68,2012;2013,2012,2013,0,,68,0,0,0,0,5,7,20,24,12
725,26,1692,smart,smart fortwo,smart,fortwo,164,2010;2011;2012;2013;2014;2015,2010,2015,0,,164,0,0,0,1,25,21,42,43,32
726,68,933,Shuanglong,Actyon,SsangYong,Actyon,115,2008;2010;2011;2013;2014,2008,2014,0,,115,0,0,0,0,16,15,25,36,23
727,68,938,Shuanglong,Chairman,SsangYong,Chairman,103,2002;2004;2011;2012,2002,2012,0,,103,0,0,0,0,17,11,19,35,21
728,68,944,Shuanglong,Korando,SsangYong,Korando,120,2011;2013;2014;2015,2011,2015,0,,120,0,0,0,0,19,14,25,34,28
729,68,937,Shuanglong,Kyron,SsangYong,Kyron,120,2006;2007;2010;2011,2006,2011,0,,120,0,0,0,0,15,11,22,42,30
730,68,934,Shuanglong,Rexton,SsangYong,Rexton,105,2004;2006;2011;2013;2014,2004,2014,0,,105,0,0,0,1,14,11,16,34,29
731,68,935,Shuanglong,Rexton W,SsangYong,Rexton W,145,2013;2014;2015,2013,2015,0,,145,0,0,0,0,21,17,27,46,34
732,68,936,Shuanglong,Rodius,SsangYong,Rodius,120,2007;2008;2013;2014,2007,2014,0,,120,0,0,0,0,16,14,23,42,25
733,94,1234,Subaru,Subaru BRZ,Subaru,BRZ,120,2013;2014;2015,2013,2015,0,,120,0,0,0,0,14,10,16,48,32
734,94,1233,Subaru,Forester,Subaru,Forester,120,2010;2011;2012;2013;2014;2015,2010,2015,0,,120,0,0,0,0,17,16,20,40,27
735,94,1236,Subaru,Impreza hatchback,Subaru,Impreza hatchback,92,2008;2009;2010,2008,2010,0,,92,0,0,0,0,18,11,8,30,25
736,94,1237,Subaru,Impreza sedan,Subaru,Impreza sedan,82,2008;2009;2010;2011;2013,2008,2013,0,,82,0,0,0,0,15,10,8,32,17
737,94,1231,Subaru,Legacy,Subaru,Legacy,120,2009;2010;2013;2014;2015,2009,2015,0,,120,0,0,0,0,19,17,21,37,26
738,94,1230,Subaru,Outback,Subaru,Outback,136,2008;2010;2011;2012;2013;2014;2015,2008,2015,0,,136,0,0,0,1,18,14,20,51,32
739,94,1243,Subaru,Tribeca,Subaru,Tribeca,140,2005;2007;2008;2011;2012,2005,2012,0,,140,0,0,0,0,18,10,18,63,31
740,94,1239,Subaru,Viziv,Subaru,Viziv,55,2013;2014,2013,2014,0,,55,0,0,0,0,8,6,17,15,9
741,94,1240,Subaru,Subaru WRX,Subaru,WRX,120,2014;2015,2014,2015,0,,120,0,0,0,2,8,6,29,48,27
742,94,1235,Subaru,Subaru XV,Subaru,XV,116,2012;2013;2014;2015,2012,2015,0,,116,0,0,0,0,12,15,14,44,31
743,149,1792,Suzuki,Alivio,Suzuki,Alivio,120,2014;2015,2014,2015,0,,120,0,0,0,2,14,13,25,39,27
744,149,1790,Suzuki,Alto,Suzuki,Alto,120,2009;2010;2012;2013,2009,2013,0,,120,0,0,0,0,18,18,23,29,32
745,149,1812,Suzuki,Bei Douxing,Suzuki,Bei Douxing,117,2010;2011;2012;2013;2014,2010,2014,0,,117,0,0,0,0,21,14,21,34,27
746,149,1791,Suzuki,Cultus,Suzuki,Cultus,119,2004;2007;2009;2011;2012;2013,2004,2013,0,,119,0,0,0,0,18,13,20,45,23
747,149,1797,Suzuki,Fengyu,Suzuki,Fengyu,120,2014,2014,2014,0,,120,0,0,0,0,23,11,19,41,26
748,149,1798,Suzuki,Grand Vitara,Suzuki,Grand Vitara,116,2008;2009;2011;2012;2013;2015,2008,2015,0,,116,0,0,0,0,15,11,21,41,28
749,149,1811,Suzuki,Jimny,Suzuki,Jimny,117,2011;2012;2015,2011,2015,0,,117,0,0,0,0,17,15,16,40,29
750,149,1799,Suzuki,Kazishi,Suzuki,Kazishi,119,2010;2011;2012;2014,2010,2014,0,,119,0,0,0,0,19,18,22,32,28
751,149,1818,Suzuki,Landy,Suzuki,Landy,96,2007;2009;2010;2011,2007,2011,0,,96,0,0,0,0,18,10,19,32,17
752,149,1815,Suzuki,Liana hatchback,Suzuki,Liana hatchback,64,2008;2011;2012,2008,2012,0,,64,0,0,0,0,11,7,9,19,18
753,149,1817,Suzuki,Splash,Suzuki,Splash,119,2012,2012,2012,0,,119,0,0,0,1,20,10,16,45,27
754,149,1800,Suzuki,Swift,Suzuki,Swift,120,2010;2012;2013;2014,2010,2014,0,,120,0,0,0,1,8,8,25,51,27
755,149,1793,Suzuki,Tianyu SX4 hatchback,Suzuki,Tianyu SX4 hatchback,120,2009;2011;2012;2013,2009,2013,0,,120,0,0,0,0,24,20,24,24,28
756,149,1795,Suzuki,Tianyushangyue,Suzuki,Tianyushangyue,109,2011;2012;2013,2011,2013,0,,109,0,0,0,0,17,15,11,42,24
757,149,1796,Suzuki,Yuyan,Suzuki,Yuyan,119,2010;2011;2012;2013;2014,2010,2014,0,,119,0,0,0,4,17,16,24,36,22
758,22,948,TESLA,MODEL S,Tesla,MODEL S,120,2009;2014;2015,2009,2015,0,,120,0,0,0,1,15,8,20,57,19
759,22,949,TESLA,TESLA Roadster,Tesla,Roadster,120,2008;2010;2011;2012,2008,2012,0,,120,0,0,0,1,13,4,31,50,21
760,39,1334,Toyota,Toyota 4 Rinner,Toyota,4 Rinner,120,2010;2011;2014,2010,2014,0,,120,0,0,0,0,9,5,12,73,21
761,39,1335,Toyota,Toyota 86,Toyota,86,120,2012;2013;2014;2015,2012,2015,0,,120,0,0,0,0,9,6,12,69,24
762,39,1333,Toyota,Alphard,Toyota,Alphard,120,2011;2012;2013;2015,2011,2015,0,,120,0,0,0,0,12,11,15,55,27
763,39,1350,Toyota,Toyota Auris,Toyota,Auris,120,2010;2011;2013;2016,2010,2016,0,,120,0,0,0,0,9,12,15,57,27
764,39,1345,Toyota,Avensis,Toyota,Avensis,120,2009;2012;2015,2009,2015,0,,120,0,0,0,0,8,5,26,57,24
765,39,1344,Toyota,Toyota Aygo,Toyota,Aygo,120,2009;2013;2014;2015,2009,2015,0,,120,0,0,0,0,16,4,15,61,24
766,39,1386,Toyota,Camry,Toyota,Camry,196,2008;2009;2010;2011;2012;2013;2015,2008,2015,0,,196,0,0,0,0,37,25,31,62,41
767,39,1323,Toyota,Corolla,Toyota,Corolla,158,2011;2012;2013;2014,2011,2014,0,,158,0,0,0,0,26,25,28,50,29
768,39,1322,Toyota,Crown,Toyota,Crown,119,2010;2011;2012;2013;2015,2010,2015,0,,119,0,0,0,0,22,14,24,33,26
769,39,1390,Toyota,EZ,Toyota,EZ,117,2011;2012;2014;2015,2011,2015,0,,117,0,0,0,0,18,19,22,36,22
770,39,1331,Toyota,FJ Cruiser,Toyota,FJ Cruiser,120,2007;2010;2011;2013;2014,2007,2014,0,,120,0,0,0,1,15,13,18,46,27
771,39,1372,Toyota,Toyota FT-1,Toyota,FT-1,78,2014,2014,2014,0,,78,0,0,0,0,14,7,18,22,17
772,39,1356,Toyota,Toyota FT-86,Toyota,FT-86,97,2009;2010;2011;2013,2009,2013,0,,97,0,0,0,0,10,7,21,36,23
773,39,1392,Toyota,Highlander,Toyota,Highlander,120,2009;2011;2012;2013,2009,2013,0,,120,0,0,0,0,20,15,16,40,29
774,39,1358,Toyota,Highlander abroad version,Toyota,Highlander abroad version,120,2014,2014,2014,0,,120,0,0,0,0,9,8,23,46,34
775,39,1361,Toyota,Toyota Hilux,Toyota,Hilux,90,2012;2014,2012,2014,0,,90,0,0,0,0,9,2,16,39,24
776,39,1330,Toyota,Huaguan,Toyota,Huaguan,118,2010;2011;2013,2010,2013,0,,118,0,0,0,0,20,14,22,31,31
777,39,1343,Toyota,Toyota IQ,Toyota,IQ,120,2009;2013,2009,2013,30,,120,0,0,0,0,16,5,30,54,15
778,39,1325,Toyota,Lcruiser,Toyota,Lcruiser,118,2007;2010;2012;2013,2007,2013,0,,118,0,0,0,0,21,13,18,45,21
779,39,1388,Toyota,Levin,Toyota,Levin,120,2014,2014,2014,0,,120,0,0,0,0,19,19,25,35,22
780,39,1374,Toyota,Toyota Matrix,Toyota,Matrix,59,2009;2011,2009,2011,0,,59,0,0,0,0,3,2,7,34,13
781,39,1326,Toyota,Prado,Toyota,Prado,119,2006;2010;2014,2006,2014,0,,119,0,0,0,0,20,15,22,34,28
782,39,1341,Toyota,Previa,Toyota,Previa,133,2004;2006;2007;2008;2010;2012,2004,2012,0,,133,0,0,0,0,19,13,21,49,31
783,39,1327,Toyota,Prius,Toyota,Prius,120,2005;2006;2012,2005,2012,0,,120,0,0,0,0,16,14,27,38,25
784,39,1321,Toyota,Toyota RAV4,Toyota,RAV4,119,2009;2010;2012;2013,2009,2013,0,,119,0,0,0,0,23,16,19,39,22
785,39,1328,Toyota,Reiz,Toyota,Reiz,120,2010;2012;2013,2010,2013,0,,120,0,0,0,0,20,16,28,34,22
786,39,1342,Toyota,Saina,Toyota,Saina,83,2009;2011;2012;2015,2009,2015,0,,83,0,0,0,0,8,7,24,32,12
787,39,1336,Toyota,Sequoia,Toyota,Sequoia,120,2008;2010;2011;2012,2008,2012,0,,120,0,0,0,0,2,2,36,69,11
788,39,1363,Toyota,Toyota Tacoma,Toyota,Tacoma,120,2011;2012;2013;2015,2011,2015,0,,120,0,0,0,0,13,7,11,62,27
789,39,1349,Toyota,Undra,Toyota,Undra,120,2009;2011;2014;2015,2009,2015,0,,120,0,0,0,1,8,9,12,65,25
790,39,1375,Toyota,Toyota Urban Cruiser,Toyota,Urban Cruiser,50,2009,2009,2009,0,,50,0,0,0,0,5,4,14,19,8
791,39,1332,Toyota,Venza,Toyota,Venza,120,2009;2013,2009,2013,0,,120,0,0,0,0,14,12,20,50,24
792,39,1346,Toyota,Toyota Verso,Toyota,Verso,120,2010;2011;2013;2014,2010,2014,0,,120,0,0,0,3,4,6,21,61,25
793,39,1329,Toyota,Vios,Toyota,Vios,119,2011;2013;2014;2015,2011,2015,0,,119,0,0,0,0,22,20,18,33,26
794,39,1389,Toyota,Yaris,Toyota,Yaris,118,2008;2009;2011;2013;2015,2008,2015,0,,118,0,0,0,0,12,7,22,51,26
795,39,1385,Toyota,YARiS L,Toyota,YARiS L,120,2013;2014;2015,2013,2015,0,,120,0,0,0,0,21,18,20,37,24
796,39,1337,Toyota,Zelas,Toyota,Zelas,137,2011;2013;2014,2011,2014,0,,137,0,0,0,0,19,15,20,55,28
797,39,1370,Toyota,丰田Avalon,Toyota,丰田Avalon,119,2006;2011;2013;2015,2006,2015,0,,119,0,0,0,0,16,9,19,50,25
798,110,1093,Vauxhall,Vauxhall Adam,Vauxhall,Adam,120,2013;2015,2013,2015,0,,120,0,0,0,0,5,2,23,58,32
799,110,1100,Vauxhall,Vauxhall Astra,Vauxhall,Astra,120,2005;2006;2013,2005,2013,0,,120,0,0,0,0,4,0,29,49,38
800,110,1094,Vauxhall,Vauxhall Cascada,Vauxhall,Cascada,84,2013,2013,2013,0,,84,0,0,0,2,1,2,30,31,18
801,110,1095,Vauxhall,Vauxhall Corsa,Vauxhall,Corsa,62,2011;2015,2011,2015,0,,62,0,0,0,0,4,5,10,29,14
802,110,1096,Vauxhall,Vauxhall Insignia,Vauxhall,Insignia,120,2009;2010;2012;2014,2009,2014,0,,120,0,0,0,0,6,4,17,63,30
803,110,1099,Vauxhall,Vauxhall VXR8,Vauxhall,VXR8,120,2007;2009;2011;2013;2014,2007,2014,0,,120,0,0,0,0,7,2,14,70,27
804,73,474,Volkswagen,Amarok Pickup,Volkswagen,Amarok Pickup,120,2011;2013;2014,2011,2014,0,,120,0,0,0,2,7,6,15,55,35
805,73,461,Volkswagen,Beetle,Volkswagen,Beetle,120,2010;2012;2013;2014;2015,2010,2015,0,,120,0,0,0,0,22,19,14,34,31
806,73,500,Volkswagen,Bora,Volkswagen,Bora,147,2008;2011;2012;2013;2014,2008,2014,0,,147,0,0,0,0,28,20,23,49,27
807,73,498,Volkswagen,Caddy abroad version,Volkswagen,Caddy abroad version,73,2011;2013;2016,2011,2016,0,,73,0,0,0,0,5,4,5,41,18
808,73,462,Volkswagen,Caravelle,Volkswagen,Caravelle,106,2014,2014,2014,0,,106,0,0,0,0,15,15,18,36,22
809,73,508,Volkswagen,Volkswagen CC,Volkswagen,CC,164,2009;2010;2011;2012;2013,2009,2013,0,,164,0,0,0,0,26,12,32,64,30
810,73,475,Volkswagen,Cross Coupe,Volkswagen,Cross Coupe,84,2012;2015,2012,2015,0,,84,0,0,0,1,6,4,13,37,23
811,73,438,Volkswagen,Cross Lavida,Volkswagen,Cross Lavida,120,2014,2014,2014,0,,120,0,0,0,1,17,12,23,36,31
812,73,434,Volkswagen,Cross Polo,Volkswagen,Cross Polo,111,2008;2012;2014,2008,2014,0,,111,0,0,0,0,15,14,21,33,28
813,73,478,Volkswagen,CrossBlue,Volkswagen,CrossBlue,77,2013,2013,2013,0,,77,0,0,0,0,5,4,10,32,26
814,73,453,Volkswagen,Volkswagen Eos,Volkswagen,Eos,120,2008;2010;2011;2014;2015,2008,2015,0,,120,0,0,0,3,13,12,17,41,34
815,73,497,Volkswagen,Volkswagen Fox,Volkswagen,Fox,114,2004;2015,2004,2015,0,,114,0,0,0,1,9,2,25,53,24
816,73,501,Volkswagen,Golf,Volkswagen,Golf,175,2010;2011;2012;2013;2014,2010,2014,0,,175,0,0,0,0,19,20,38,54,44
817,73,458,Volkswagen,Golf convertible,Volkswagen,Golf convertible,58,2012,2012,2012,0,,58,0,0,0,0,6,6,12,19,15
818,73,459,Volkswagen,Golf estate,Volkswagen,Golf estate,55,2011;2013;2014,2011,2014,0,,55,0,0,0,0,5,6,12,17,15
819,73,502,Volkswagen,Golf GTI,Volkswagen,Golf GTI,146,2009;2010;2012;2013;2015,2009,2015,0,,146,0,0,0,0,23,13,24,50,36
820,73,456,Volkswagen,Golf R,Volkswagen,Golf R,132,2010;2011;2014;2015,2010,2015,0,,132,0,0,0,0,14,12,23,43,40
821,73,439,Volkswagen,Gran Lavida,Volkswagen,Gran Lavida,119,2013;2014;2015,2013,2015,0,,119,0,0,0,0,20,18,15,37,29
822,73,503,Volkswagen,Jetta,Volkswagen,Jetta,118,2009;2010;2011;2012;2013;2015,2009,2015,0,,118,0,0,0,0,21,12,20,37,28
823,73,483,Volkswagen,Jetta abroad version,Volkswagen,Jetta abroad version,120,2012;2013;2014;2015,2012,2015,0,,120,0,0,0,0,10,7,25,57,21
824,73,440,Volkswagen,Lavide,Volkswagen,Lavide,120,2008;2011;2013;2014;2015,2008,2015,0,,120,0,0,0,0,22,16,17,35,30
825,73,504,Volkswagen,Magotan,Volkswagen,Magotan,119,2009;2011;2012;2013;2015,2009,2015,0,,119,0,0,0,0,28,17,17,30,27
826,73,464,Volkswagen,Magotan estate,Volkswagen,Magotan estate,119,2011;2012;2014,2011,2014,0,,119,0,0,0,0,16,16,19,36,32
827,73,463,Volkswagen,Multivan,Volkswagen,Multivan,120,2006;2008;2012;2014;2015,2006,2015,0,,120,0,0,0,0,18,14,17,43,28
828,73,449,Volkswagen,NMC,Volkswagen,NMC,86,2014;2015,2014,2015,0,,86,0,0,0,0,10,9,24,24,19
829,73,441,Volkswagen,Passat,Volkswagen,Passat,120,2011;2013;2014;2015,2011,2015,0,,120,0,0,0,0,18,15,24,39,24
830,73,477,Volkswagen,Passat abroad version,Volkswagen,Passat abroad version,120,2013;2014;2015;2016,2013,2016,0,,120,0,0,0,0,5,6,28,49,32
831,73,442,Volkswagen,Passat Lingyu,Volkswagen,Passat Lingyu,115,2005;2007;2009;2012,2005,2012,0,,115,0,0,0,0,22,16,19,35,23
832,73,460,Volkswagen,Phaeton,Volkswagen,Phaeton,119,2009;2011;2012;2013;2014,2009,2014,0,,119,0,0,0,0,20,15,17,33,34
833,73,470,Volkswagen,Polo abroad version,Volkswagen,Polo abroad version,99,2009;2011;2013;2014;2015,2009,2015,0,,99,0,0,0,0,4,5,20,45,25
834,73,435,Volkswagen,Polo hatchback,Volkswagen,Polo hatchback,125,2009;2011;2013;2014,2009,2014,0,,125,0,0,0,0,20,17,18,32,38
835,73,454,Volkswagen,Volkswagen R36,Volkswagen,R36,52,2008;2009,2008,2009,0,,52,0,0,0,0,7,5,8,18,14
836,73,505,Volkswagen,Sagitar,Volkswagen,Sagitar,125,2010;2011;2012;2013;2014,2010,2014,0,,125,0,0,0,0,27,23,16,31,28
837,73,506,Volkswagen,Sagitar GLI,Volkswagen,Sagitar GLI,86,2013,2013,2013,0,,86,0,0,0,0,12,11,17,26,20
838,73,443,Volkswagen,Santana,Volkswagen,Santana,117,2013;2015,2013,2015,0,,117,0,0,0,4,23,9,15,41,25
839,73,444,Volkswagen,Santana Vista,Volkswagen,Santana Vista,76,2004;2006;2008;2010,2004,2010,0,,76,0,0,0,1,14,8,10,30,13
840,73,465,Volkswagen,Scirocco,Volkswagen,Scirocco,133,2009;2010;2011;2013;2015,2009,2015,0,,133,0,0,0,0,21,14,21,51,26
841,73,466,Volkswagen,Scirocco R,Volkswagen,Scirocco R,98,2011;2014,2011,2014,0,,98,0,0,0,0,11,10,19,32,26
842,73,469,Volkswagen,Sharan,Volkswagen,Sharan,120,2012;2013;2014;2015,2012,2015,0,,120,0,0,0,0,18,13,17,40,32
843,73,490,Volkswagen,T-ROC,Volkswagen,T-ROC,56,2014,2014,2014,0,,56,0,0,0,1,6,3,16,18,12
844,73,446,Volkswagen,Tiguan,Volkswagen,Tiguan,120,2012;2013;2015,2012,2015,0,,120,0,0,0,0,18,15,24,36,27
845,73,491,Volkswagen,Tiguan abroad version,Volkswagen,Tiguan abroad version,119,2009;2011;2012;2013;2014,2009,2014,0,,119,0,0,0,0,27,17,18,33,24
846,73,467,Volkswagen,Touareg,Volkswagen,Touareg,130,2009;2010;2011;2012;2013;2014;2015,2009,2015,0,,130,0,0,0,0,20,10,19,54,27
847,73,468,Volkswagen,Touareg hybrid,Volkswagen,Touareg hybrid,67,2011,2011,2011,0,,67,0,0,0,0,5,3,11,38,10
848,73,445,Volkswagen,Touran,Volkswagen,Touran,120,2008;2011;2013;2015,2008,2015,0,,120,0,0,0,0,15,17,21,39,28
849,73,496,Volkswagen,Volkswagen up,Volkswagen,up,120,2009;2013;2014;2015,2009,2015,0,,120,0,0,0,1,9,9,21,44,36
850,73,479,Volkswagen,Volkswagen XL1,Volkswagen,XL1,120,2009;2011;2014,2009,2014,0,,120,0,0,0,3,11,5,35,46,20
851,111,1701,Volvo,Volvo C30,Volvo,C30,150,2008;2009;2010;2011;2012;2013,2008,2013,0,,150,0,0,0,0,25,17,20,48,40
852,111,1719,Volvo,Volvo C70,Volvo,C70,119,2008;2010,2008,2010,0,,119,0,0,0,0,12,10,23,48,26
853,111,1716,Volvo,Volvo Coupe,Volvo,Coupe,59,2013,2013,2013,0,,59,0,0,0,1,3,2,12,27,14
854,111,1720,Volvo,Volvo S40,Volvo,S40,119,2009;2010;2011;2012,2009,2012,0,,119,0,0,0,0,23,15,11,44,26
855,111,1702,Volvo,Volvo S60,Volvo,S60,120,2011;2012;2013;2014,2011,2014,0,,120,0,0,0,0,20,17,22,37,24
856,111,1722,Volvo,Volvo S60L,Volvo,S60L,119,2014;2015,2014,2015,0,,119,0,0,0,0,18,16,24,32,29
857,111,1708,Volvo,Volvo S80,Volvo,S80,119,2006;2008;2012;2013;2014,2006,2014,0,,119,0,0,0,0,13,11,16,43,36
858,111,1721,Volvo,Volvo S80L,Volvo,S80L,135,2009;2010;2011;2012;2014,2009,2014,0,,135,0,0,0,0,29,19,22,35,30
859,111,1703,Volvo,Volvo V40,Volvo,V40,120,2009;2013;2014;2015,2009,2015,0,,120,0,0,0,0,16,16,22,38,28
860,111,1704,Volvo,Volvo V40 CrossCountry,Volvo,V40 CrossCountry,111,2014,2014,2014,0,,111,0,0,0,0,8,10,16,41,36
861,111,1705,Volvo,Volvo V60,Volvo,V60,120,2012;2013;2014;2015,2012,2015,0,,120,0,0,0,0,16,17,28,28,31
862,111,1710,Volvo,Volvo V70,Volvo,V70,64,2009;2012;2014,2009,2014,0,,64,0,0,0,0,1,1,8,30,24
863,111,1723,Volvo,Volvo XC Classic,Volvo,XC Classic,111,2014;2015,2014,2015,0,,111,0,0,0,0,13,13,21,35,29
864,111,1717,Volvo,Volvo XC Coupe,Volvo,XC Coupe,72,2014,2014,2014,0,,72,0,0,0,5,7,9,13,20,18
865,111,1706,Volvo,Volvo XC60,Volvo,XC60,205,2009;2010;2011;2012;2013;2014;2015,2009,2015,0,,205,0,0,0,0,33,27,35,53,57
866,111,1711,Volvo,Volvo XC70,Volvo,XC70,130,2004;2007;2008;2011;2012;2014,2004,2014,0,,130,0,0,0,0,17,10,14,55,34
867,111,1707,Volvo,Volvo XC90 abroad version,Volvo,XC90 abroad version,165,2008;2010;2011;2012;2013;2015,2008,2015,0,,165,0,0,0,3,26,19,30,49,38
